spectrum_id,mineral_id,source,instrument,sample_name
SPC-000001,1,RELAB,UNKNOWN,c1sc71
SPC-000002,1,RRUFF,Raman,R040065
SPC-000003,1,RRUFF,Raman,R040066
SPC-000004,1,RRUFF,Raman,R050036
SPC-000005,1,RRUFF,Raman,R050081
SPC-000006,1,RRUFF,Raman,R050312
SPC-000007,1,RRUFF,Raman,R060278
SPC-000008,1,RRUFF,Raman,R060382
SPC-000009,1,RRUFF,Raman,R060442
SPC-000010,1,RRUFF,Raman,R060443
SPC-000011,1,RRUFF,Raman,R060444
SPC-000012,1,RRUFF,Raman,R060446
SPC-000013,1,RRUFF,Raman,R060452
SPC-000014,1,RRUFF,Raman,R060453
SPC-000015,1,RRUFF,Raman,R060499
SPC-000016,1,RRUFF,Raman,R070551
SPC-000017,1,RRUFF,Raman,R100146
SPC-000018,1,RRUFF,Raman,R100152
SPC-000019,1,RRUFF,Raman,R100160
SPC-000020,1,RRUFF,Raman,R100161
SPC-000021,1,RRUFF,Raman,R141207
SPC-000022,1,RRUFF,UNKNOWN,X060020_Raman_514_Raman_Data_Processed_3786276562695fbecb0d616bd60d
SPC-000023,1,USGS,ASD,AV00
SPC-000024,1,USGS,ASD,AV00
SPC-000025,1,USGS,ASD,AV00
SPC-000026,1,USGS,ASD,AV00
SPC-000027,1,USGS,ASD,AV00
SPC-000028,1,USGS,ASD,AV01
SPC-000029,1,USGS,ASD,AV01
SPC-000030,1,USGS,ASD,AV01
SPC-000031,1,USGS,ASD,AV01
SPC-000032,1,USGS,ASD,AV01
SPC-000033,1,USGS,ASD,AV05
SPC-000034,1,USGS,ASD,AV05
SPC-000035,1,USGS,ASD,AV05
SPC-000036,1,USGS,ASD,AV05
SPC-000037,1,USGS,ASD,AV05
SPC-000038,1,USGS,ASD,AV06
SPC-000039,1,USGS,ASD,AV06
SPC-000040,1,USGS,ASD,AV06
SPC-000041,1,USGS,ASD,AV06
SPC-000042,1,USGS,ASD,AV06
SPC-000043,1,USGS,ASD,AV09
SPC-000044,1,USGS,ASD,AV09
SPC-000045,1,USGS,ASD,AV09
SPC-000046,1,USGS,ASD,AV09
SPC-000047,1,USGS,ASD,AV09
SPC-000048,1,USGS,ASD,AV10
SPC-000049,1,USGS,ASD,AV10
SPC-000050,1,USGS,ASD,AV10
SPC-000051,1,USGS,ASD,AV10
SPC-000052,1,USGS,ASD,AV10
SPC-000053,1,USGS,ASD,AV11
SPC-000054,1,USGS,ASD,AV11
SPC-000055,1,USGS,ASD,AV11
SPC-000056,1,USGS,ASD,AV11
SPC-000057,1,USGS,ASD,AV11
SPC-000058,1,USGS,ASD,AV12
SPC-000059,1,USGS,ASD,AV12
SPC-000060,1,USGS,ASD,AV12
SPC-000061,1,USGS,ASD,AV12
SPC-000062,1,USGS,ASD,AV12
SPC-000063,1,USGS,ASD,AV13
SPC-000064,1,USGS,ASD,AV13
SPC-000065,1,USGS,ASD,AV13
SPC-000066,1,USGS,ASD,AV13
SPC-000067,1,USGS,ASD,AV13
SPC-000068,1,USGS,ASD,AV14
SPC-000069,1,USGS,ASD,AV14
SPC-000070,1,USGS,ASD,AV14
SPC-000071,1,USGS,ASD,AV14
SPC-000072,1,USGS,ASD,AV14
SPC-000073,1,USGS,ASD,AV95
SPC-000074,1,USGS,ASD,AV95
SPC-000075,1,USGS,ASD,AV95
SPC-000076,1,USGS,ASD,AV95
SPC-000077,1,USGS,ASD,AV95
SPC-000078,1,USGS,ASD,AV96
SPC-000079,1,USGS,ASD,AV96
SPC-000080,1,USGS,ASD,AV96
SPC-000081,1,USGS,ASD,AV96
SPC-000082,1,USGS,ASD,AV96
SPC-000083,1,USGS,ASD,AV97
SPC-000084,1,USGS,ASD,AV97
SPC-000085,1,USGS,ASD,AV97
SPC-000086,1,USGS,ASD,AV97
SPC-000087,1,USGS,ASD,AV97
SPC-000088,1,USGS,ASD,AV98
SPC-000089,1,USGS,ASD,AV98
SPC-000090,1,USGS,ASD,AV98
SPC-000091,1,USGS,ASD,AV98
SPC-000092,1,USGS,ASD,AV98
SPC-000093,1,USGS,ASD,AV99
SPC-000094,1,USGS,ASD,AV99
SPC-000095,1,USGS,ASD,AV99
SPC-000096,1,USGS,ASD,HS113.3B-HCL
SPC-000097,1,USGS,ASD,NMNH155371
SPC-000098,1,USGS,ASD,WS483
SPC-000099,1,USGS,ASD,WS484
SPC-000100,1,USGS,ASD,WS485
SPC-000101,2,RELAB,UNKNOWN,c1sm67
SPC-000102,2,RELAB,UNKNOWN,c1sm74
SPC-000103,2,RELAB,UNKNOWN,s1sm67
SPC-000104,2,RRUFF,Raman,R040159
SPC-000105,2,RRUFF,Raman,R050112
SPC-000106,2,RRUFF,Raman,R050113
SPC-000107,2,RRUFF,Raman,R050446
SPC-000108,2,RRUFF,Raman,R060441
SPC-000109,2,RRUFF,Raman,R060445
SPC-000110,2,RRUFF,Raman,R060448
SPC-000111,2,RRUFF,Raman,R070637
SPC-000112,2,RRUFF,Raman,R080060
SPC-000113,2,RRUFF,Raman,R100153
SPC-000114,2,RRUFF,UNKNOWN,X050130_Raman_514_Raman_Data_Processed_981f5bf67b1bdbbb2ee972bd50ed
SPC-000115,2,RRUFF,UNKNOWN,X050131_Raman_514_Raman_Data_Processed_32f3c94d4f4d3a32a009a7b53617
SPC-000116,2,RRUFF,UNKNOWN,X050190_Raman_785_Raman_Data_Processed_4850f388906198a05bb2fbb446da
SPC-000117,3,RELAB,UNKNOWN,c1gn10a
SPC-000118,3,RELAB,UNKNOWN,c1mx60
SPC-000119,3,RELAB,UNKNOWN,cagn04
SPC-000120,3,RELAB,UNKNOWN,m1gn04
SPC-000121,3,RRUFF,Raman,R040001
SPC-000122,3,RRUFF,Raman,R050256
SPC-000123,3,RRUFF,Raman,R050311
SPC-000124,3,RRUFF,Raman,R050377
SPC-000125,3,RRUFF,Raman,R060326
SPC-000126,3,RRUFF,Raman,R060350
SPC-000127,3,RRUFF,Raman,R060358
SPC-000128,3,RRUFF,Raman,R060423
SPC-000129,3,RRUFF,Raman,R060449
SPC-000130,3,RRUFF,Raman,R070722
SPC-000131,3,RRUFF,Raman,R100049
SPC-000132,3,RRUFF,Raman,R100138
SPC-000133,3,RRUFF,Raman,R120004
SPC-000134,3,RRUFF,UNKNOWN,X050015_Raman_785_Raman_Data_Processed_319a8ce9a886764c8a6865640528
SPC-000135,3,USGS,ASD,AV00
SPC-000136,3,USGS,ASD,AV00
SPC-000137,3,USGS,ASD,AV00
SPC-000138,3,USGS,ASD,AV00
SPC-000139,3,USGS,ASD,AV00
SPC-000140,3,USGS,ASD,AV00
SPC-000141,3,USGS,ASD,AV01
SPC-000142,3,USGS,ASD,AV01
SPC-000143,3,USGS,ASD,AV01
SPC-000144,3,USGS,ASD,AV01
SPC-000145,3,USGS,ASD,AV01
SPC-000146,3,USGS,ASD,AV01
SPC-000147,3,USGS,ASD,AV05
SPC-000148,3,USGS,ASD,AV05
SPC-000149,3,USGS,ASD,AV05
SPC-000150,3,USGS,ASD,AV05
SPC-000151,3,USGS,ASD,AV05
SPC-000152,3,USGS,ASD,AV05
SPC-000153,3,USGS,ASD,AV06
SPC-000154,3,USGS,ASD,AV06
SPC-000155,3,USGS,ASD,AV06
SPC-000156,3,USGS,ASD,AV06
SPC-000157,3,USGS,ASD,AV06
SPC-000158,3,USGS,ASD,AV06
SPC-000159,3,USGS,ASD,AV09
SPC-000160,3,USGS,ASD,AV09
SPC-000161,3,USGS,ASD,AV09
SPC-000162,3,USGS,ASD,AV09
SPC-000163,3,USGS,ASD,AV09
SPC-000164,3,USGS,ASD,AV09
SPC-000165,3,USGS,ASD,AV10
SPC-000166,3,USGS,ASD,AV10
SPC-000167,3,USGS,ASD,AV10
SPC-000168,3,USGS,ASD,AV10
SPC-000169,3,USGS,ASD,AV10
SPC-000170,3,USGS,ASD,AV10
SPC-000171,3,USGS,ASD,AV11
SPC-000172,3,USGS,ASD,AV11
SPC-000173,3,USGS,ASD,AV11
SPC-000174,3,USGS,ASD,AV11
SPC-000175,3,USGS,ASD,AV11
SPC-000176,3,USGS,ASD,AV11
SPC-000177,3,USGS,ASD,AV12
SPC-000178,3,USGS,ASD,AV12
SPC-000179,3,USGS,ASD,AV12
SPC-000180,3,USGS,ASD,AV12
SPC-000181,3,USGS,ASD,AV12
SPC-000182,3,USGS,ASD,AV12
SPC-000183,3,USGS,ASD,AV13
SPC-000184,3,USGS,ASD,AV13
SPC-000185,3,USGS,ASD,AV13
SPC-000186,3,USGS,ASD,AV13
SPC-000187,3,USGS,ASD,AV13
SPC-000188,3,USGS,ASD,AV13
SPC-000189,3,USGS,ASD,AV14
SPC-000190,3,USGS,ASD,AV14
SPC-000191,3,USGS,ASD,AV14
SPC-000192,3,USGS,ASD,AV14
SPC-000193,3,USGS,ASD,AV14
SPC-000194,3,USGS,ASD,AV14
SPC-000195,3,USGS,ASD,AV95
SPC-000196,3,USGS,ASD,AV95
SPC-000197,3,USGS,ASD,AV95
SPC-000198,3,USGS,ASD,AV95
SPC-000199,3,USGS,ASD,AV95
SPC-000200,3,USGS,ASD,AV95
SPC-000201,3,USGS,ASD,AV96
SPC-000202,3,USGS,ASD,AV96
SPC-000203,3,USGS,ASD,AV96
SPC-000204,3,USGS,ASD,AV96
SPC-000205,3,USGS,ASD,AV96
SPC-000206,3,USGS,ASD,AV96
SPC-000207,3,USGS,ASD,AV97
SPC-000208,3,USGS,ASD,AV97
SPC-000209,3,USGS,ASD,AV97
SPC-000210,3,USGS,ASD,AV97
SPC-000211,3,USGS,ASD,GDS12
SPC-000212,3,USGS,ASD,HS111.3B
SPC-000213,3,USGS,ASD,NMNH113829
SPC-000214,3,USGS,ASD,WS474
SPC-000215,3,USGS,ASD,WS487
SPC-000216,3,USGS,ASD,WS488
SPC-000217,4,RELAB,UNKNOWN,bir1jg014
SPC-000218,4,RELAB,UNKNOWN,bir1jg015
SPC-000219,4,RELAB,UNKNOWN,bir1jg016
SPC-000220,4,RELAB,UNKNOWN,bir1jg017
SPC-000221,4,RELAB,UNKNOWN,bir1jg018
SPC-000222,4,RELAB,UNKNOWN,bir1jg019
SPC-000223,4,RELAB,UNKNOWN,bir1jg020
SPC-000224,4,RELAB,UNKNOWN,bir1jg021
SPC-000225,4,RELAB,UNKNOWN,bir1mx084c
SPC-000226,4,RELAB,UNKNOWN,bir1mx085c
SPC-000227,4,RELAB,UNKNOWN,bir1mx086c
SPC-000228,4,RELAB,UNKNOWN,bir1mx086g
SPC-000229,4,RELAB,UNKNOWN,bir1mx086h
SPC-000230,4,RELAB,UNKNOWN,bir1mx087c
SPC-000231,4,RELAB,UNKNOWN,bir1mx088c
SPC-000232,4,RELAB,UNKNOWN,bir1mx089c
SPC-000233,4,RELAB,UNKNOWN,bir1mx090c
SPC-000234,4,RELAB,UNKNOWN,bir1mx091c
SPC-000235,4,RELAB,UNKNOWN,bir1mx092c
SPC-000236,4,RELAB,UNKNOWN,bir1mx093c
SPC-000237,4,RELAB,UNKNOWN,bir1mx094c
SPC-000238,4,RELAB,UNKNOWN,bir1mx097c
SPC-000239,4,RELAB,UNKNOWN,c1fb12
SPC-000240,4,RELAB,UNKNOWN,c1jg14
SPC-000241,4,RELAB,UNKNOWN,c1jg15
SPC-000242,4,RELAB,UNKNOWN,c1jg16
SPC-000243,4,RELAB,UNKNOWN,c1jg17
SPC-000244,4,RELAB,UNKNOWN,c1jg18
SPC-000245,4,RELAB,UNKNOWN,c1jg19
SPC-000246,4,RELAB,UNKNOWN,c1jg20
SPC-000247,4,RELAB,UNKNOWN,c1jg21
SPC-000248,4,RELAB,UNKNOWN,c1ls08
SPC-000249,4,RELAB,UNKNOWN,c1ls13
SPC-000250,4,RELAB,UNKNOWN,c1mm31
SPC-000251,4,RELAB,UNKNOWN,c1mm40
SPC-000252,4,RELAB,UNKNOWN,c1mm41
SPC-000253,4,RELAB,UNKNOWN,c1mr04
SPC-000254,4,RELAB,UNKNOWN,c1mt68
SPC-000255,4,RELAB,UNKNOWN,c1mt69
SPC-000256,4,RELAB,UNKNOWN,c1mt70
SPC-000257,4,RELAB,UNKNOWN,c1mt71
SPC-000258,4,RELAB,UNKNOWN,c1mt72
SPC-000259,4,RELAB,UNKNOWN,c1mt73
SPC-000260,4,RELAB,UNKNOWN,c1mt74
SPC-000261,4,RELAB,UNKNOWN,c1mx84c2
SPC-000262,4,RELAB,UNKNOWN,c1mx85c2
SPC-000263,4,RELAB,UNKNOWN,c1mx86c2
SPC-000264,4,RELAB,UNKNOWN,c1mx86g
SPC-000265,4,RELAB,UNKNOWN,c1mx86h
SPC-000266,4,RELAB,UNKNOWN,c1mx87c2
SPC-000267,4,RELAB,UNKNOWN,c1mx88c2
SPC-000268,4,RELAB,UNKNOWN,c1mx89c2
SPC-000269,4,RELAB,UNKNOWN,c1mx90c2
SPC-000270,4,RELAB,UNKNOWN,c1mx91c2
SPC-000271,4,RELAB,UNKNOWN,c1mx92c2
SPC-000272,4,RELAB,UNKNOWN,c1mx93c2
SPC-000273,4,RELAB,UNKNOWN,c1mx94c2
SPC-000274,4,RELAB,UNKNOWN,c1mx95c2
SPC-000275,4,RELAB,UNKNOWN,c1mx96c2
SPC-000276,4,RELAB,UNKNOWN,c1mx97c2
SPC-000277,4,RELAB,UNKNOWN,c2fb12
SPC-000278,4,RELAB,UNKNOWN,c2ls08
SPC-000279,4,RELAB,UNKNOWN,c2ls13
SPC-000280,4,RELAB,UNKNOWN,c3fb12
SPC-000281,4,RELAB,UNKNOWN,c3ls13
SPC-000282,4,RELAB,UNKNOWN,c4fb12
SPC-000283,4,RELAB,UNKNOWN,ca2ls8
SPC-000284,4,RELAB,UNKNOWN,camr04
SPC-000285,4,RELAB,UNKNOWN,cbmr04
SPC-000286,4,RELAB,UNKNOWN,ccmr04
SPC-000287,4,RELAB,UNKNOWN,cdmr04
SPC-000288,4,RELAB,UNKNOWN,cemr04
SPC-000289,4,RELAB,UNKNOWN,cjls13
SPC-000290,4,RELAB,UNKNOWN,ckls13
SPC-000291,4,RELAB,UNKNOWN,clls13
SPC-000292,4,RELAB,UNKNOWN,cmls13
SPC-000293,4,RELAB,UNKNOWN,cnls13
SPC-000294,4,RELAB,UNKNOWN,cols13
SPC-000295,4,RELAB,UNKNOWN,glue13
SPC-000296,4,RELAB,UNKNOWN,m1mm31
SPC-000297,4,RELAB,UNKNOWN,m1mm40
SPC-000298,4,RELAB,UNKNOWN,m1mm41
SPC-000299,4,RELAB,UNKNOWN,m2mm31
SPC-000300,4,RELAB,UNKNOWN,m2mm40
SPC-000301,4,RELAB,UNKNOWN,m2mm41
SPC-000302,4,RELAB,UNKNOWN,mamm31
SPC-000303,4,RELAB,UNKNOWN,mamm40
SPC-000304,4,RELAB,UNKNOWN,mamm41
SPC-000305,4,RELAB,UNKNOWN,nafb265
SPC-000306,4,RELAB,UNKNOWN,nafb81
SPC-000307,4,RELAB,UNKNOWN,nafb8p
SPC-000308,4,RELAB,UNKNOWN,s3ls13
SPC-000309,4,RELAB,UNKNOWN,sa2ls8
SPC-000310,4,RELAB,UNKNOWN,spindo
SPC-000311,4,RELAB,UNKNOWN,spinmo
SPC-000312,5,RELAB,UNKNOWN,bir1qq002
SPC-000313,5,RELAB,UNKNOWN,bir1qq002cf
SPC-000314,5,RELAB,UNKNOWN,bir1qq003cf
SPC-000315,5,RELAB,UNKNOWN,bir1qq004
SPC-000316,5,RELAB,UNKNOWN,bir1qq004cf
SPC-000317,5,RELAB,UNKNOWN,bir1qq006cf
SPC-000318,5,RELAB,UNKNOWN,bir1qq007cf
SPC-000319,5,RELAB,UNKNOWN,bir1th007cf
SPC-000320,5,RELAB,UNKNOWN,bir1th009cf
SPC-000321,5,RELAB,UNKNOWN,bir1th012cf
SPC-000322,5,RELAB,UNKNOWN,c1mr130
SPC-000323,5,RELAB,UNKNOWN,c1pr01
SPC-000324,5,RELAB,UNKNOWN,c1pr02
SPC-000325,5,RELAB,UNKNOWN,c1qq02
SPC-000326,5,RELAB,UNKNOWN,c1qq02cf
SPC-000327,5,RELAB,UNKNOWN,c1qq03cf
SPC-000328,5,RELAB,UNKNOWN,c1qq04
SPC-000329,5,RELAB,UNKNOWN,c1qq04cf
SPC-000330,5,RELAB,UNKNOWN,c1qq06cf
SPC-000331,5,RELAB,UNKNOWN,c1qq07cf
SPC-000332,5,RELAB,UNKNOWN,c1th07cf
SPC-000333,5,RELAB,UNKNOWN,c1th09cf
SPC-000334,5,RELAB,UNKNOWN,c1th12cf
SPC-000335,5,RELAB,UNKNOWN,c2pr02
SPC-000336,5,RELAB,UNKNOWN,c2xm08
SPC-000337,5,RELAB,UNKNOWN,caec08
SPC-000338,5,RRUFF,Raman,R040049
SPC-000339,5,RRUFF,Raman,R050031
SPC-000340,5,RRUFF,Raman,R050417
SPC-000341,5,RRUFF,Raman,R060493
SPC-000342,5,RRUFF,Raman,R060745
SPC-000343,5,RRUFF,Raman,R070714
SPC-000344,5,RRUFF,Raman,R110109
SPC-000345,5,RRUFF,Raman,R120008
SPC-000346,5,USGS,ASD,AV00
SPC-000347,5,USGS,ASD,AV00
SPC-000348,5,USGS,ASD,AV00
SPC-000349,5,USGS,ASD,AV01
SPC-000350,5,USGS,ASD,AV01
SPC-000351,5,USGS,ASD,AV01
SPC-000352,5,USGS,ASD,AV05
SPC-000353,5,USGS,ASD,AV05
SPC-000354,5,USGS,ASD,AV05
SPC-000355,5,USGS,ASD,AV06
SPC-000356,5,USGS,ASD,AV06
SPC-000357,5,USGS,ASD,AV06
SPC-000358,5,USGS,ASD,AV09
SPC-000359,5,USGS,ASD,AV09
SPC-000360,5,USGS,ASD,AV09
SPC-000361,5,USGS,ASD,AV10
SPC-000362,5,USGS,ASD,AV10
SPC-000363,5,USGS,ASD,AV10
SPC-000364,5,USGS,ASD,AV11
SPC-000365,5,USGS,ASD,AV11
SPC-000366,5,USGS,ASD,AV11
SPC-000367,5,USGS,ASD,AV12
SPC-000368,5,USGS,ASD,AV12
SPC-000369,5,USGS,ASD,AV12
SPC-000370,5,USGS,ASD,AV13
SPC-000371,5,USGS,ASD,AV13
SPC-000372,5,USGS,ASD,AV13
SPC-000373,5,USGS,ASD,AV14
SPC-000374,5,USGS,ASD,AV14
SPC-000375,5,USGS,ASD,AV14
SPC-000376,5,USGS,ASD,AV95
SPC-000377,5,USGS,ASD,AV95
SPC-000378,5,USGS,ASD,AV95
SPC-000379,5,USGS,ASD,AV96
SPC-000380,5,USGS,ASD,AV96
SPC-000381,5,USGS,ASD,AV96
SPC-000382,5,USGS,ASD,AV97
SPC-000383,5,USGS,ASD,AV97
SPC-000384,5,USGS,ASD,AV97
SPC-000385,5,USGS,ASD,AV98
SPC-000386,5,USGS,ASD,AV98
SPC-000387,5,USGS,ASD,AV98
SPC-000388,5,USGS,ASD,AV99
SPC-000389,5,USGS,ASD,AV99
SPC-000390,5,USGS,ASD,AV99
SPC-000391,5,USGS,ASD,HS126.3B
SPC-000392,5,USGS,ASD,HS126.3B
SPC-000393,5,USGS,ASD,HS126.3B
SPC-000394,5,USGS,ASD,HS126.3B
SPC-000395,5,USGS,ASD,HS126.3B
SPC-000396,5,USGS,ASD,HS126.3B
SPC-000397,5,USGS,ASD,HS126.3B
SPC-000398,5,USGS,ASD,HS126.3B
SPC-000399,5,USGS,ASD,HS126.3B
SPC-000400,5,USGS,ASD,HY07
SPC-000401,5,USGS,ASD,HY07
SPC-000402,5,USGS,ASD,HY07
SPC-000403,5,USGS,ASD,HY14
SPC-000404,5,USGS,ASD,HY14
SPC-000405,5,USGS,ASD,HY14
SPC-000406,5,USGS,ASD,M3t
SPC-000407,6,RELAB,UNKNOWN,mazi01
SPC-000408,6,RELAB,UNKNOWN,mazi02
SPC-000409,6,RRUFF,Raman,Cubiczirconia
SPC-000410,6,RRUFF,Raman,R040142
SPC-000411,6,RRUFF,Raman,R050034
SPC-000412,6,RRUFF,Raman,R050203
SPC-000413,6,RRUFF,Raman,R050286
SPC-000414,6,RRUFF,Raman,R050488
SPC-000415,6,RRUFF,Raman,R100128
SPC-000416,6,RRUFF,Raman,R100144
SPC-000417,6,RRUFF,Raman,R110112
SPC-000418,6,RRUFF,Raman,R150080
SPC-000419,6,RRUFF,Raman,R150083
SPC-000420,6,RRUFF,UNKNOWN,X050179_Raman_785_Raman_Data_Processed_a418845aa0f64978e1f3ffecfa68
SPC-000421,6,RRUFF,UNKNOWN,X050180_Raman_785_Raman_Data_Processed_05bd5d512f92d12c268e31481136
SPC-000422,6,RRUFF,UNKNOWN,X050181_Raman_785_Raman_Data_Processed_c7ec6231d5037cf3e5b0550083b9
SPC-000423,6,RRUFF,UNKNOWN,X050182_Raman_785_Raman_Data_Processed_96e8f3a24f42a4a90d143b409296
SPC-000424,6,RRUFF,UNKNOWN,X050183_Raman_514_Raman_Data_Processed_e748c5cc786454412b7c938972c0
SPC-000425,6,USGS,ASD,AV00
SPC-000426,6,USGS,ASD,AV00
SPC-000427,6,USGS,ASD,AV01
SPC-000428,6,USGS,ASD,AV01
SPC-000429,6,USGS,ASD,AV05
SPC-000430,6,USGS,ASD,AV05
SPC-000431,6,USGS,ASD,AV06
SPC-000432,6,USGS,ASD,AV06
SPC-000433,6,USGS,ASD,AV09
SPC-000434,6,USGS,ASD,AV09
SPC-000435,6,USGS,ASD,AV10
SPC-000436,6,USGS,ASD,AV10
SPC-000437,6,USGS,ASD,AV11
SPC-000438,6,USGS,ASD,AV11
SPC-000439,6,USGS,ASD,AV12
SPC-000440,6,USGS,ASD,AV12
SPC-000441,6,USGS,ASD,AV13
SPC-000442,6,USGS,ASD,AV13
SPC-000443,6,USGS,ASD,AV14
SPC-000444,6,USGS,ASD,AV14
SPC-000445,6,USGS,ASD,AV95
SPC-000446,6,USGS,ASD,AV95
SPC-000447,6,USGS,ASD,AV96
SPC-000448,6,USGS,ASD,AV96
SPC-000449,6,USGS,ASD,AV97
SPC-000450,6,USGS,ASD,AV97
SPC-000451,6,USGS,ASD,AV98
SPC-000452,6,USGS,ASD,AV98
SPC-000453,6,USGS,ASD,AV99
SPC-000454,6,USGS,ASD,AV99
SPC-000455,6,USGS,ASD,HY07
SPC-000456,6,USGS,ASD,HY07
SPC-000457,6,USGS,ASD,HY14
SPC-000458,6,USGS,ASD,HY14
SPC-000459,6,USGS,ASD,M3t
SPC-000460,6,USGS,ASD,M3t
SPC-000461,6,USGS,ASD,WS522
SPC-000462,6,USGS,ASD,WS522
SPC-000463,6,USGS,ASD,WS522
SPC-000464,6,USGS,ASD,WS522
SPC-000465,6,USGS,ASD,WS522
SPC-000466,6,USGS,ASD,WS522
SPC-000467,6,USGS,ASD,WS522
SPC-000468,6,USGS,ASD,WS522
SPC-000469,6,USGS,ASD,WS522
SPC-000470,6,USGS,ASD,WS522
SPC-000471,6,USGS,ASD,WS522
SPC-000472,6,USGS,ASD,WS522
SPC-000473,6,USGS,ASD,WS522
SPC-000474,6,USGS,ASD,WS522
SPC-000475,7,RELAB,UNKNOWN,397s235
SPC-000476,7,RELAB,UNKNOWN,bir1dd070
SPC-000477,7,RELAB,UNKNOWN,bir1dd071
SPC-000478,7,RELAB,UNKNOWN,bir1dd072
SPC-000479,7,RELAB,UNKNOWN,bir1dd073
SPC-000480,7,RELAB,UNKNOWN,bir1dd074
SPC-000481,7,RELAB,UNKNOWN,bir1dd152
SPC-000482,7,RELAB,UNKNOWN,bir1mx098c
SPC-000483,7,RELAB,UNKNOWN,bir1mx099c
SPC-000484,7,RELAB,UNKNOWN,bir1mx100c
SPC-000485,7,RELAB,UNKNOWN,bir1mx101c
SPC-000486,7,RELAB,UNKNOWN,bir1mx102c
SPC-000487,7,RELAB,UNKNOWN,bir1mx103c
SPC-000488,7,RELAB,UNKNOWN,bir1mx104c
SPC-000489,7,RELAB,UNKNOWN,bir1pd010
SPC-000490,7,RELAB,UNKNOWN,bir1pd010c
SPC-000491,7,RELAB,UNKNOWN,bir1pd011
SPC-000492,7,RELAB,UNKNOWN,bmr1ck007
SPC-000493,7,RELAB,UNKNOWN,bmr1ck030
SPC-000494,7,RELAB,UNKNOWN,bmr1ck031
SPC-000495,7,RELAB,UNKNOWN,bmr1ck032
SPC-000496,7,RELAB,UNKNOWN,bmr1ck033
SPC-000497,7,RELAB,UNKNOWN,bmr1ck034
SPC-000498,7,RELAB,UNKNOWN,bmr1ck035
SPC-000499,7,RELAB,UNKNOWN,bmr1ck036
SPC-000500,7,RELAB,UNKNOWN,c1ck07
SPC-000501,7,RELAB,UNKNOWN,c1ck30
SPC-000502,7,RELAB,UNKNOWN,c1ck31
SPC-000503,7,RELAB,UNKNOWN,c1ck32
SPC-000504,7,RELAB,UNKNOWN,c1ck33
SPC-000505,7,RELAB,UNKNOWN,c1ck34
SPC-000506,7,RELAB,UNKNOWN,c1ck35
SPC-000507,7,RELAB,UNKNOWN,c1ck36
SPC-000508,7,RELAB,UNKNOWN,c1ck44
SPC-000509,7,RELAB,UNKNOWN,c1ck45
SPC-000510,7,RELAB,UNKNOWN,c1ck46
SPC-000511,7,RELAB,UNKNOWN,c1ck47
SPC-000512,7,RELAB,UNKNOWN,c1ck48
SPC-000513,7,RELAB,UNKNOWN,c1ck49
SPC-000514,7,RELAB,UNKNOWN,c1ck50
SPC-000515,7,RELAB,UNKNOWN,c1ck51
SPC-000516,7,RELAB,UNKNOWN,c1ck52
SPC-000517,7,RELAB,UNKNOWN,c1ck53
SPC-000518,7,RELAB,UNKNOWN,c1ck54
SPC-000519,7,RELAB,UNKNOWN,c1ck55
SPC-000520,7,RELAB,UNKNOWN,c1ck56
SPC-000521,7,RELAB,UNKNOWN,c1ck57
SPC-000522,7,RELAB,UNKNOWN,c1dd152
SPC-000523,7,RELAB,UNKNOWN,c1dd70
SPC-000524,7,RELAB,UNKNOWN,c1dd71
SPC-000525,7,RELAB,UNKNOWN,c1dd72
SPC-000526,7,RELAB,UNKNOWN,c1dd73
SPC-000527,7,RELAB,UNKNOWN,c1dd74
SPC-000528,7,RELAB,UNKNOWN,c1fb0313cp
SPC-000529,7,RELAB,UNKNOWN,c1jb235
SPC-000530,7,RELAB,UNKNOWN,c1mx100c2
SPC-000531,7,RELAB,UNKNOWN,c1mx101c2
SPC-000532,7,RELAB,UNKNOWN,c1mx102c2
SPC-000533,7,RELAB,UNKNOWN,c1mx103c2
SPC-000534,7,RELAB,UNKNOWN,c1mx104c2
SPC-000535,7,RELAB,UNKNOWN,c1mx98c2
SPC-000536,7,RELAB,UNKNOWN,c1mx99c2
SPC-000537,7,RELAB,UNKNOWN,c1pd01
SPC-000538,7,RELAB,UNKNOWN,c1pd06
SPC-000539,7,RELAB,UNKNOWN,c1pd07
SPC-000540,7,RELAB,UNKNOWN,c1pd08
SPC-000541,7,RELAB,UNKNOWN,c1pd09
SPC-000542,7,RELAB,UNKNOWN,c1pd10c2
SPC-000543,7,RELAB,UNKNOWN,c1po52
SPC-000544,7,RELAB,UNKNOWN,c1pp20
SPC-000545,7,RELAB,UNKNOWN,c1pp21
SPC-000546,7,RELAB,UNKNOWN,c1pp22
SPC-000547,7,RELAB,UNKNOWN,c1pp23
SPC-000548,7,RELAB,UNKNOWN,c1pp24
SPC-000549,7,RELAB,UNKNOWN,c1pp25
SPC-000550,7,RELAB,UNKNOWN,c1pp26
SPC-000551,7,RELAB,UNKNOWN,c2pd01
SPC-000552,7,RELAB,UNKNOWN,c2pp27
SPC-000553,7,RELAB,UNKNOWN,c3po53
SPC-000554,7,RELAB,UNKNOWN,c3pp22
SPC-000555,7,RELAB,UNKNOWN,c5pp21
SPC-000556,7,RELAB,UNKNOWN,c5pp23
SPC-000557,7,RELAB,UNKNOWN,capp27
SPC-000558,7,RELAB,UNKNOWN,cbpp27
SPC-000559,7,RELAB,UNKNOWN,ccpp27
SPC-000560,7,RELAB,UNKNOWN,mapp27b
SPC-000561,7,RELAB,UNKNOWN,napd08
SPC-000562,7,RELAB,UNKNOWN,napp21
SPC-000563,7,RELAB,UNKNOWN,napp22
SPC-000564,7,RELAB,UNKNOWN,napp23
SPC-000565,7,RELAB,UNKNOWN,nnapp27
SPC-000566,7,RELAB,UNKNOWN,nnbpp27
SPC-000567,7,RELAB,UNKNOWN,s1pd07
SPC-000568,8,RELAB,UNKNOWN,bir1dd003
SPC-000569,8,RELAB,UNKNOWN,bir2dd003
SPC-000570,8,RELAB,UNKNOWN,bir2dd018
SPC-000571,8,RELAB,UNKNOWN,bmr1ck006
SPC-000572,8,RELAB,UNKNOWN,bmr1ck022
SPC-000573,8,RELAB,UNKNOWN,bmr1ck023
SPC-000574,8,RELAB,UNKNOWN,bmr1ck024
SPC-000575,8,RELAB,UNKNOWN,bmr1ck025
SPC-000576,8,RELAB,UNKNOWN,bmr1ck026
SPC-000577,8,RELAB,UNKNOWN,bmr1ck027
SPC-000578,8,RELAB,UNKNOWN,bmr1ck028
SPC-000579,8,RELAB,UNKNOWN,bmr1cp001a
SPC-000580,8,RELAB,UNKNOWN,bmr1cp001b
SPC-000581,8,RELAB,UNKNOWN,bmr1cp001c
SPC-000582,8,RELAB,UNKNOWN,bmr1cp001d
SPC-000583,8,RELAB,UNKNOWN,bmr1cp001e
SPC-000584,8,RELAB,UNKNOWN,bmr1cp001f
SPC-000585,8,RELAB,UNKNOWN,bmr1dh004
SPC-000586,8,RELAB,UNKNOWN,c1ag10
SPC-000587,8,RELAB,UNKNOWN,c1ag12
SPC-000588,8,RELAB,UNKNOWN,c1ag13
SPC-000589,8,RELAB,UNKNOWN,c1ag15
SPC-000590,8,RELAB,UNKNOWN,c1ag16
SPC-000591,8,RELAB,UNKNOWN,c1ag21
SPC-000592,8,RELAB,UNKNOWN,c1ag22
SPC-000593,8,RELAB,UNKNOWN,c1ag23
SPC-000594,8,RELAB,UNKNOWN,c1ag24
SPC-000595,8,RELAB,UNKNOWN,c1ag25
SPC-000596,8,RELAB,UNKNOWN,c1ag26
SPC-000597,8,RELAB,UNKNOWN,c1ag27
SPC-000598,8,RELAB,UNKNOWN,c1ag28
SPC-000599,8,RELAB,UNKNOWN,c1ag29
SPC-000600,8,RELAB,UNKNOWN,c1ag30
SPC-000601,8,RELAB,UNKNOWN,c1ag31
SPC-000602,8,RELAB,UNKNOWN,c1ag32
SPC-000603,8,RELAB,UNKNOWN,c1ag33
SPC-000604,8,RELAB,UNKNOWN,c1ag34
SPC-000605,8,RELAB,UNKNOWN,c1ag35
SPC-000606,8,RELAB,UNKNOWN,c1ag36
SPC-000607,8,RELAB,UNKNOWN,c1ag37
SPC-000608,8,RELAB,UNKNOWN,c1ag38
SPC-000609,8,RELAB,UNKNOWN,c1ag39
SPC-000610,8,RELAB,UNKNOWN,c1ag40
SPC-000611,8,RELAB,UNKNOWN,c1ag41
SPC-000612,8,RELAB,UNKNOWN,c1ag42
SPC-000613,8,RELAB,UNKNOWN,c1ag43
SPC-000614,8,RELAB,UNKNOWN,c1ag44
SPC-000615,8,RELAB,UNKNOWN,c1ag45
SPC-000616,8,RELAB,UNKNOWN,c1ag46
SPC-000617,8,RELAB,UNKNOWN,c1ag47
SPC-000618,8,RELAB,UNKNOWN,c1ag48
SPC-000619,8,RELAB,UNKNOWN,c1ag49
SPC-000620,8,RELAB,UNKNOWN,c1ag50
SPC-000621,8,RELAB,UNKNOWN,c1ag51
SPC-000622,8,RELAB,UNKNOWN,c1ck06
SPC-000623,8,RELAB,UNKNOWN,c1ck22
SPC-000624,8,RELAB,UNKNOWN,c1ck23
SPC-000625,8,RELAB,UNKNOWN,c1ck24
SPC-000626,8,RELAB,UNKNOWN,c1ck25
SPC-000627,8,RELAB,UNKNOWN,c1ck26
SPC-000628,8,RELAB,UNKNOWN,c1ck27
SPC-000629,8,RELAB,UNKNOWN,c1ck28
SPC-000630,8,RELAB,UNKNOWN,c1ck37
SPC-000631,8,RELAB,UNKNOWN,c1ck38
SPC-000632,8,RELAB,UNKNOWN,c1ck39
SPC-000633,8,RELAB,UNKNOWN,c1ck40
SPC-000634,8,RELAB,UNKNOWN,c1ck41
SPC-000635,8,RELAB,UNKNOWN,c1ck42
SPC-000636,8,RELAB,UNKNOWN,c1ck43
SPC-000637,8,RELAB,UNKNOWN,c1ck51
SPC-000638,8,RELAB,UNKNOWN,c1ck52
SPC-000639,8,RELAB,UNKNOWN,c1ck53
SPC-000640,8,RELAB,UNKNOWN,c1ck54
SPC-000641,8,RELAB,UNKNOWN,c1ck55
SPC-000642,8,RELAB,UNKNOWN,c1ck56
SPC-000643,8,RELAB,UNKNOWN,c1ck57
SPC-000644,8,RELAB,UNKNOWN,c1cp01a
SPC-000645,8,RELAB,UNKNOWN,c1cp01b
SPC-000646,8,RELAB,UNKNOWN,c1cp01c
SPC-000647,8,RELAB,UNKNOWN,c1cp01d
SPC-000648,8,RELAB,UNKNOWN,c1cp01e
SPC-000649,8,RELAB,UNKNOWN,c1cp01f
SPC-000650,8,RELAB,UNKNOWN,c1dd03
SPC-000651,8,RELAB,UNKNOWN,c1dd18
SPC-000652,8,RELAB,UNKNOWN,c1dh04
SPC-000653,8,RELAB,UNKNOWN,c1er01
SPC-000654,8,RELAB,UNKNOWN,c1er01p
SPC-000655,8,RELAB,UNKNOWN,c1er02
SPC-000656,8,RELAB,UNKNOWN,c1er02p
SPC-000657,8,RELAB,UNKNOWN,c1er03
SPC-000658,8,RELAB,UNKNOWN,c1er03p
SPC-000659,8,RELAB,UNKNOWN,c1er04
SPC-000660,8,RELAB,UNKNOWN,c1er04p
SPC-000661,8,RELAB,UNKNOWN,c1er05
SPC-000662,8,RELAB,UNKNOWN,c1er05p
SPC-000663,8,RELAB,UNKNOWN,c1er06
SPC-000664,8,RELAB,UNKNOWN,c1er06p
SPC-000665,8,RELAB,UNKNOWN,c1er07
SPC-000666,8,RELAB,UNKNOWN,c1er07p
SPC-000667,8,RELAB,UNKNOWN,c1er08
SPC-000668,9,RELAB,UNKNOWN,397s238
SPC-000669,9,RELAB,UNKNOWN,bir1dd153
SPC-000670,9,RELAB,UNKNOWN,bir1dd154
SPC-000671,9,RELAB,UNKNOWN,bir1dd163
SPC-000672,9,RELAB,UNKNOWN,bir1dd166
SPC-000673,9,RELAB,UNKNOWN,bir1dd167
SPC-000674,9,RELAB,UNKNOWN,bir1jba14a
SPC-000675,9,RELAB,UNKNOWN,bir1jba14b
SPC-000676,9,RELAB,UNKNOWN,bir1jba14c
SPC-000677,9,RELAB,UNKNOWN,bir1jba14d
SPC-000678,9,RELAB,UNKNOWN,bir1jba15
SPC-000679,9,RELAB,UNKNOWN,bir1jba16
SPC-000680,9,RELAB,UNKNOWN,bir1jba17
SPC-000681,9,RELAB,UNKNOWN,bir1jba18
SPC-000682,9,RELAB,UNKNOWN,bir1jba19
SPC-000683,9,RELAB,UNKNOWN,bir1jbb83a
SPC-000684,9,RELAB,UNKNOWN,bir1jbb83b
SPC-000685,9,RELAB,UNKNOWN,bir1jbb83c
SPC-000686,9,RELAB,UNKNOWN,bir1jbb88
SPC-000687,9,RELAB,UNKNOWN,bir1jbb89
SPC-000688,9,RELAB,UNKNOWN,bir1jbb90
SPC-000689,9,RELAB,UNKNOWN,bir1jbb91
SPC-000690,9,RELAB,UNKNOWN,bir1jbb92
SPC-000691,9,RELAB,UNKNOWN,bir1jbb93
SPC-000692,9,RELAB,UNKNOWN,bir1jbb94
SPC-000693,9,RELAB,UNKNOWN,bir1mt361a
SPC-000694,9,RELAB,UNKNOWN,bir1mt361m
SPC-000695,9,RELAB,UNKNOWN,bir2mp100a
SPC-000696,9,RELAB,UNKNOWN,bir2mp100b
SPC-000697,9,RELAB,UNKNOWN,bir2mp105
SPC-000698,9,RELAB,UNKNOWN,biramt361
SPC-000699,9,RELAB,UNKNOWN,birbmt361
SPC-000700,9,RELAB,UNKNOWN,bmr1ck078
SPC-000701,9,RELAB,UNKNOWN,bmr1ck079
SPC-000702,9,RELAB,UNKNOWN,bmr1ck080
SPC-000703,9,RELAB,UNKNOWN,bmr1ck081
SPC-000704,9,RELAB,UNKNOWN,bmr1ck082
SPC-000705,9,RELAB,UNKNOWN,bmr1ck083
SPC-000706,9,RELAB,UNKNOWN,bmr1ck084
SPC-000707,9,RELAB,UNKNOWN,bmr1ck085
SPC-000708,9,RELAB,UNKNOWN,bmr1ck086
SPC-000709,9,RELAB,UNKNOWN,bmr1ck087
SPC-000710,9,RELAB,UNKNOWN,bmr1ck088
SPC-000711,9,RELAB,UNKNOWN,bmr1ck089
SPC-000712,9,RELAB,UNKNOWN,bmr1ck090
SPC-000713,9,RELAB,UNKNOWN,bmr1ck091
SPC-000714,9,RELAB,UNKNOWN,bmr1ck092
SPC-000715,9,RELAB,UNKNOWN,bmr1ck093
SPC-000716,9,RELAB,UNKNOWN,bmr1ck094
SPC-000717,9,RELAB,UNKNOWN,bmr1ck095
SPC-000718,9,RELAB,UNKNOWN,bmr1ck096
SPC-000719,9,RELAB,UNKNOWN,bmr1ck097
SPC-000720,9,RELAB,UNKNOWN,bmr1ck098
SPC-000721,9,RELAB,UNKNOWN,bmr1ck099
SPC-000722,9,RELAB,UNKNOWN,bmr1ck100
SPC-000723,9,RELAB,UNKNOWN,bmr1ck101
SPC-000724,9,RELAB,UNKNOWN,bmr1ck102
SPC-000725,9,RELAB,UNKNOWN,bmr1ck103
SPC-000726,9,RELAB,UNKNOWN,bmr1ck104
SPC-000727,9,RELAB,UNKNOWN,bmr1ck105
SPC-000728,9,RELAB,UNKNOWN,bmr1ck106
SPC-000729,9,RELAB,UNKNOWN,bmr1ck107
SPC-000730,9,RELAB,UNKNOWN,bmr1ck108
SPC-000731,9,RELAB,UNKNOWN,bmr1ck109
SPC-000732,9,RELAB,UNKNOWN,bmr1ck110
SPC-000733,9,RELAB,UNKNOWN,bmr1ck111
SPC-000734,9,RELAB,UNKNOWN,bmr1ck112
SPC-000735,9,RELAB,UNKNOWN,bmr1ck113
SPC-000736,9,RELAB,UNKNOWN,bmr1ck114
SPC-000737,9,RELAB,UNKNOWN,bmr1dh005
SPC-000738,9,RELAB,UNKNOWN,bmr1mt118a
SPC-000739,9,RELAB,UNKNOWN,bmr1mt118b
SPC-000740,9,RELAB,UNKNOWN,bmr1mt119a
SPC-000741,9,RELAB,UNKNOWN,bmr1mt119b
SPC-000742,9,RELAB,UNKNOWN,bmr1mt120a
SPC-000743,9,RELAB,UNKNOWN,bmr1mt120b
SPC-000744,9,RELAB,UNKNOWN,bmr1mt121a
SPC-000745,9,RELAB,UNKNOWN,bmr1mt121b
SPC-000746,9,RELAB,UNKNOWN,bmr1mt122a
SPC-000747,9,RELAB,UNKNOWN,bmr1mt122b
SPC-000748,9,RELAB,UNKNOWN,bmr1mt122c
SPC-000749,9,RELAB,UNKNOWN,bmr1mt316
SPC-000750,9,RELAB,UNKNOWN,bmr1mt316a
SPC-000751,9,RELAB,UNKNOWN,bmr1mt316b
SPC-000752,9,RELAB,UNKNOWN,bmr1mt317
SPC-000753,9,RELAB,UNKNOWN,bmr1mt317a
SPC-000754,9,RELAB,UNKNOWN,bmr1mt317b
SPC-000755,9,RELAB,UNKNOWN,bmr1mt323
SPC-000756,9,RELAB,UNKNOWN,bmr1mt324
SPC-000757,9,RELAB,UNKNOWN,c1ck78
SPC-000758,9,RELAB,UNKNOWN,c1ck79
SPC-000759,9,RELAB,UNKNOWN,c1ck80
SPC-000760,9,RELAB,UNKNOWN,c1ck81
SPC-000761,9,RELAB,UNKNOWN,c1ck82
SPC-000762,9,RELAB,UNKNOWN,c1ck83
SPC-000763,9,RELAB,UNKNOWN,c1ck84
SPC-000764,9,RELAB,UNKNOWN,c1ck85
SPC-000765,9,RELAB,UNKNOWN,c1ck86
SPC-000766,10,RELAB,UNKNOWN,c1ag09
SPC-000767,10,RELAB,UNKNOWN,c1ag12
SPC-000768,10,RELAB,UNKNOWN,c1ag13
SPC-000769,10,RELAB,UNKNOWN,c1ag14
SPC-000770,10,RELAB,UNKNOWN,c1ag15
SPC-000771,10,RELAB,UNKNOWN,c1ag16
SPC-000772,10,RELAB,UNKNOWN,c1ag17
SPC-000773,10,RELAB,UNKNOWN,c1ag18
SPC-000774,10,RELAB,UNKNOWN,c1ag19
SPC-000775,10,RELAB,UNKNOWN,c1ag20
SPC-000776,10,RELAB,UNKNOWN,c1ag21
SPC-000777,10,RELAB,UNKNOWN,c1ag22
SPC-000778,10,RELAB,UNKNOWN,c1ag23
SPC-000779,10,RELAB,UNKNOWN,c1ag24
SPC-000780,10,RELAB,UNKNOWN,c1ag25
SPC-000781,10,RELAB,UNKNOWN,c1ag26
SPC-000782,10,RELAB,UNKNOWN,c1ag27
SPC-000783,10,RELAB,UNKNOWN,c1ag28
SPC-000784,10,RELAB,UNKNOWN,c1ag29
SPC-000785,10,RELAB,UNKNOWN,c1ag30
SPC-000786,10,RELAB,UNKNOWN,c1ag31
SPC-000787,10,RELAB,UNKNOWN,c1ag32
SPC-000788,10,RELAB,UNKNOWN,c1ag33
SPC-000789,10,RELAB,UNKNOWN,c1ag34
SPC-000790,10,RELAB,UNKNOWN,c1ag35
SPC-000791,10,RELAB,UNKNOWN,c1ag36
SPC-000792,10,RELAB,UNKNOWN,c1ag37
SPC-000793,10,RELAB,UNKNOWN,c1ag38
SPC-000794,10,RELAB,UNKNOWN,c1ag39
SPC-000795,10,RELAB,UNKNOWN,c1ag40
SPC-000796,10,RELAB,UNKNOWN,c1ag41
SPC-000797,10,RELAB,UNKNOWN,c1ag42
SPC-000798,10,RELAB,UNKNOWN,c1ag43
SPC-000799,10,RELAB,UNKNOWN,c1ag44
SPC-000800,10,RELAB,UNKNOWN,c1ag45
SPC-000801,10,RELAB,UNKNOWN,c1ag46
SPC-000802,10,RELAB,UNKNOWN,c1ag47
SPC-000803,10,RELAB,UNKNOWN,c1ag48
SPC-000804,10,RELAB,UNKNOWN,c1ag49
SPC-000805,10,RELAB,UNKNOWN,c1ag50
SPC-000806,10,RELAB,UNKNOWN,c1ag51
SPC-000807,10,RELAB,UNKNOWN,c1ja01
SPC-000808,10,RELAB,UNKNOWN,c1ja02b
SPC-000809,10,RELAB,UNKNOWN,c1ja03
SPC-000810,10,RELAB,UNKNOWN,c1ja07
SPC-000811,10,RELAB,UNKNOWN,c1ja15
SPC-000812,10,RELAB,UNKNOWN,c1mb04
SPC-000813,10,RELAB,UNKNOWN,capp38
SPC-000814,10,RELAB,UNKNOWN,cbpp38
SPC-000815,10,RELAB,UNKNOWN,ccpp38
SPC-000816,10,RRUFF,Raman,Clinoenstatite
SPC-000817,10,RRUFF,Raman,Enstatite
SPC-000818,10,RRUFF,Raman,Enstatite
SPC-000819,10,RRUFF,Raman,Enstatite
SPC-000820,10,RRUFF,Raman,Enstatite
SPC-000821,10,RRUFF,Raman,Enstatite
SPC-000822,10,RRUFF,Raman,Ferrosilite
SPC-000823,10,RRUFF,Raman,R040093
SPC-000824,10,RRUFF,Raman,R040094
SPC-000825,10,RRUFF,Raman,R050644
SPC-000826,10,RRUFF,Raman,R060630
SPC-000827,10,RRUFF,Raman,R060744
SPC-000828,10,RRUFF,Raman,R070097
SPC-000829,10,RRUFF,Raman,R070276
SPC-000830,10,RRUFF,Raman,R070386
SPC-000831,10,RRUFF,Raman,R070387
SPC-000832,10,RRUFF,Raman,R070418
SPC-000833,10,RRUFF,Raman,R070550
SPC-000834,10,RRUFF,Raman,R070641
SPC-000835,10,RRUFF,Raman,R100093
SPC-000836,10,RRUFF,Raman,R120168
SPC-000837,10,RRUFF,Raman,R120174
SPC-000838,10,RRUFF,Raman,R141085
SPC-000839,10,USGS,ASD,AV00
SPC-000840,10,USGS,ASD,AV00
SPC-000841,10,USGS,ASD,AV00
SPC-000842,10,USGS,ASD,AV00
SPC-000843,10,USGS,ASD,AV00
SPC-000844,10,USGS,ASD,AV00
SPC-000845,10,USGS,ASD,AV00
SPC-000846,10,USGS,ASD,AV00
SPC-000847,10,USGS,ASD,AV00
SPC-000848,10,USGS,ASD,AV01
SPC-000849,10,USGS,ASD,AV01
SPC-000850,10,USGS,ASD,AV01
SPC-000851,10,USGS,ASD,AV01
SPC-000852,10,USGS,ASD,AV01
SPC-000853,10,USGS,ASD,AV01
SPC-000854,10,USGS,ASD,AV01
SPC-000855,10,USGS,ASD,AV01
SPC-000856,10,USGS,ASD,AV01
SPC-000857,10,USGS,ASD,NMNHC2368
SPC-000858,10,USGS,ASD,PYX02.a
SPC-000859,10,USGS,ASD,PYX02.b
SPC-000860,10,USGS,ASD,PYX02.c
SPC-000861,10,USGS,ASD,PYX02.d
SPC-000862,10,USGS,ASD,PYX02.e
SPC-000863,10,USGS,ASD,PYX02.f
SPC-000864,10,USGS,ASD,PYX02.g
SPC-000865,10,USGS,ASD,PYX02.h
SPC-000866,11,RELAB,UNKNOWN,397s214
SPC-000867,11,RELAB,UNKNOWN,397s214p
SPC-000868,11,RELAB,UNKNOWN,bir1be017
SPC-000869,11,RELAB,UNKNOWN,bir1be021
SPC-000870,11,RELAB,UNKNOWN,bir1be025
SPC-000871,11,RELAB,UNKNOWN,bir1be028
SPC-000872,11,RELAB,UNKNOWN,bir1be029
SPC-000873,11,RELAB,UNKNOWN,bir1be080
SPC-000874,11,RELAB,UNKNOWN,bir1be081
SPC-000875,11,RELAB,UNKNOWN,bir1be083
SPC-000876,11,RELAB,UNKNOWN,bir1be084
SPC-000877,11,RELAB,UNKNOWN,bir1be085
SPC-000878,11,RELAB,UNKNOWN,bir1be086
SPC-000879,11,RELAB,UNKNOWN,bir1be087
SPC-000880,11,RELAB,UNKNOWN,bir1be088
SPC-000881,11,RELAB,UNKNOWN,bir1be164
SPC-000882,11,RELAB,UNKNOWN,bir1dd001
SPC-000883,11,RELAB,UNKNOWN,bir1dd002
SPC-000884,11,RELAB,UNKNOWN,bir1dd009
SPC-000885,11,RELAB,UNKNOWN,bir1dd012
SPC-000886,11,RELAB,UNKNOWN,bir1dd014
SPC-000887,11,RELAB,UNKNOWN,bir1dd032
SPC-000888,11,RELAB,UNKNOWN,bir1dd033
SPC-000889,11,RELAB,UNKNOWN,bir1dd047
SPC-000890,11,RELAB,UNKNOWN,bir1dd048
SPC-000891,11,RELAB,UNKNOWN,bir1dd049
SPC-000892,11,RELAB,UNKNOWN,bir1dd050
SPC-000893,11,RELAB,UNKNOWN,bir1dd051
SPC-000894,11,RELAB,UNKNOWN,bir1dd052
SPC-000895,11,RELAB,UNKNOWN,bir1dd053
SPC-000896,11,RELAB,UNKNOWN,bir1dd054
SPC-000897,11,RELAB,UNKNOWN,bir1dd060
SPC-000898,11,RELAB,UNKNOWN,bir1dd062
SPC-000899,11,RELAB,UNKNOWN,bir1dd065
SPC-000900,11,RELAB,UNKNOWN,bir1dd066
SPC-000901,11,RELAB,UNKNOWN,bir1dd076
SPC-000902,11,RELAB,UNKNOWN,bir1dd077
SPC-000903,11,RELAB,UNKNOWN,bir1dd078
SPC-000904,11,RELAB,UNKNOWN,bir1dd079
SPC-000905,11,RELAB,UNKNOWN,bir1dd080
SPC-000906,11,RELAB,UNKNOWN,bir1dd083
SPC-000907,11,RELAB,UNKNOWN,bir1dd084
SPC-000908,11,RELAB,UNKNOWN,bir1dd099
SPC-000909,11,RELAB,UNKNOWN,bir1dd100
SPC-000910,11,RELAB,UNKNOWN,bir1dd101
SPC-000911,11,RELAB,UNKNOWN,bir1dd109
SPC-000912,11,RELAB,UNKNOWN,bir1dd121
SPC-000913,11,RELAB,UNKNOWN,bir1dd122
SPC-000914,11,RELAB,UNKNOWN,bir2be081
SPC-000915,11,RELAB,UNKNOWN,bir2be082
SPC-000916,11,RELAB,UNKNOWN,bir2dd002
SPC-000917,11,RELAB,UNKNOWN,bir2dd018
SPC-000918,11,RELAB,UNKNOWN,bir3be082
SPC-000919,11,RELAB,UNKNOWN,bmr1ck001
SPC-000920,11,RELAB,UNKNOWN,bmr1ck002
SPC-000921,11,RELAB,UNKNOWN,bmr1ck058
SPC-000922,11,RELAB,UNKNOWN,bmr1ck067
SPC-000923,11,RELAB,UNKNOWN,bmr1ef003a
SPC-000924,11,RELAB,UNKNOWN,bmr1ef003b
SPC-000925,11,RELAB,UNKNOWN,bmr1ef003c
SPC-000926,11,RELAB,UNKNOWN,bmr1ef003d
SPC-000927,11,RELAB,UNKNOWN,bmr1ef003e
SPC-000928,11,RELAB,UNKNOWN,bmr1ef003f
SPC-000929,11,RELAB,UNKNOWN,bmr1kk001
SPC-000930,11,RELAB,UNKNOWN,bmr1kk002
SPC-000931,11,RELAB,UNKNOWN,bmr1kk003
SPC-000932,11,RELAB,UNKNOWN,c1ag08
SPC-000933,11,RELAB,UNKNOWN,c1ag09
SPC-000934,11,RELAB,UNKNOWN,c1ag10
SPC-000935,11,RELAB,UNKNOWN,c1ag11
SPC-000936,11,RELAB,UNKNOWN,c1ao01
SPC-000937,11,RELAB,UNKNOWN,c1ao02
SPC-000938,11,RELAB,UNKNOWN,c1ao10
SPC-000939,11,RELAB,UNKNOWN,c1ao11
SPC-000940,11,RELAB,UNKNOWN,c1be164
SPC-000941,11,RELAB,UNKNOWN,c1be168
SPC-000942,11,RELAB,UNKNOWN,c1be17
SPC-000943,11,RELAB,UNKNOWN,c1be21
SPC-000944,11,RELAB,UNKNOWN,c1be25
SPC-000945,11,RELAB,UNKNOWN,c1be28
SPC-000946,11,RELAB,UNKNOWN,c1be29
SPC-000947,11,RELAB,UNKNOWN,c1be80
SPC-000948,11,RELAB,UNKNOWN,c1be81
SPC-000949,11,RELAB,UNKNOWN,c1be82
SPC-000950,11,RELAB,UNKNOWN,c1be83
SPC-000951,11,RELAB,UNKNOWN,c1be84
SPC-000952,11,RELAB,UNKNOWN,c1be85
SPC-000953,11,RELAB,UNKNOWN,c1be86
SPC-000954,11,RELAB,UNKNOWN,c1be87
SPC-000955,11,RELAB,UNKNOWN,c1be88
SPC-000956,11,RELAB,UNKNOWN,c1ck01
SPC-000957,11,RELAB,UNKNOWN,c1ck02
SPC-000958,11,RELAB,UNKNOWN,c1ck67
SPC-000959,11,RELAB,UNKNOWN,c1dd01
SPC-000960,11,RELAB,UNKNOWN,c1dd02
SPC-000961,11,RELAB,UNKNOWN,c1dd09
SPC-000962,11,RELAB,UNKNOWN,c1dd12
SPC-000963,11,RELAB,UNKNOWN,c1dd14
SPC-000964,11,RELAB,UNKNOWN,c1dd18
SPC-000965,11,RELAB,UNKNOWN,c1dd32
SPC-000966,12,RELAB,UNKNOWN,bir1cz001
SPC-000967,12,RELAB,UNKNOWN,bir1cz002
SPC-000968,12,RELAB,UNKNOWN,bir1cz002cf
SPC-000969,12,RELAB,UNKNOWN,bir1ev002
SPC-000970,12,RELAB,UNKNOWN,bir1ev002cf
SPC-000971,12,RELAB,UNKNOWN,bir1ev003
SPC-000972,12,RELAB,UNKNOWN,bir1ev003cf
SPC-000973,12,RELAB,UNKNOWN,bir1ev005
SPC-000974,12,RELAB,UNKNOWN,bir1ev005cf
SPC-000975,12,RELAB,UNKNOWN,bir1ev006
SPC-000976,12,RELAB,UNKNOWN,bir1ev006cf
SPC-000977,12,RELAB,UNKNOWN,bir1ev009
SPC-000978,12,RELAB,UNKNOWN,bir1ev009cf
SPC-000979,12,RELAB,UNKNOWN,bir1ev010
SPC-000980,12,RELAB,UNKNOWN,bir1ev010cf
SPC-000981,12,RELAB,UNKNOWN,bir1ev011
SPC-000982,12,RELAB,UNKNOWN,bir1ev011cf
SPC-000983,12,RELAB,UNKNOWN,bir1ev012
SPC-000984,12,RELAB,UNKNOWN,bir1ev012cf
SPC-000985,12,RELAB,UNKNOWN,bir1ev013
SPC-000986,12,RELAB,UNKNOWN,bir1ev013cf
SPC-000987,12,RELAB,UNKNOWN,bir1ev016
SPC-000988,12,RELAB,UNKNOWN,bir1ev016cf
SPC-000989,12,RELAB,UNKNOWN,bir1ev017
SPC-000990,12,RELAB,UNKNOWN,bir1ev017cf
SPC-000991,12,RELAB,UNKNOWN,bir1ev019
SPC-000992,12,RELAB,UNKNOWN,bir1ev019cf
SPC-000993,12,RELAB,UNKNOWN,bir1ev021
SPC-000994,12,RELAB,UNKNOWN,bir1ev021cf
SPC-000995,12,RELAB,UNKNOWN,bir1ev025
SPC-000996,12,RELAB,UNKNOWN,bir1ev025cf
SPC-000997,12,RELAB,UNKNOWN,bir1ev026
SPC-000998,12,RELAB,UNKNOWN,bir1ev026cf
SPC-000999,12,RELAB,UNKNOWN,bir1ev027
SPC-001000,12,RELAB,UNKNOWN,bir1ev027cf
SPC-001001,12,RELAB,UNKNOWN,bir1jbe65a
SPC-001002,12,RELAB,UNKNOWN,bmr1dh003
SPC-001003,12,RELAB,UNKNOWN,c1cy13
SPC-001004,12,RELAB,UNKNOWN,c1cz01
SPC-001005,12,RELAB,UNKNOWN,c1cz02
SPC-001006,12,RELAB,UNKNOWN,c1cz02cf
SPC-001007,12,RELAB,UNKNOWN,c1dh03
SPC-001008,12,RELAB,UNKNOWN,c1ev02
SPC-001009,12,RELAB,UNKNOWN,c1ev02cf
SPC-001010,12,RELAB,UNKNOWN,c1ev03
SPC-001011,12,RELAB,UNKNOWN,c1ev03cf
SPC-001012,12,RELAB,UNKNOWN,c1ev05
SPC-001013,12,RELAB,UNKNOWN,c1ev05cf
SPC-001014,12,RELAB,UNKNOWN,c1ev06
SPC-001015,12,RELAB,UNKNOWN,c1ev06cf
SPC-001016,12,RELAB,UNKNOWN,c1ev09
SPC-001017,12,RELAB,UNKNOWN,c1ev09cf
SPC-001018,12,RELAB,UNKNOWN,c1ev10
SPC-001019,12,RELAB,UNKNOWN,c1ev10cf
SPC-001020,12,RELAB,UNKNOWN,c1ev11
SPC-001021,12,RELAB,UNKNOWN,c1ev11cf
SPC-001022,12,RELAB,UNKNOWN,c1ev12
SPC-001023,12,RELAB,UNKNOWN,c1ev12cf
SPC-001024,12,RELAB,UNKNOWN,c1ev13
SPC-001025,12,RELAB,UNKNOWN,c1ev13cf
SPC-001026,12,RELAB,UNKNOWN,c1ev16
SPC-001027,12,RELAB,UNKNOWN,c1ev16cf
SPC-001028,12,RELAB,UNKNOWN,c1ev17
SPC-001029,12,RELAB,UNKNOWN,c1ev17cf
SPC-001030,12,RELAB,UNKNOWN,c1ev19
SPC-001031,12,RELAB,UNKNOWN,c1ev19cf
SPC-001032,12,RELAB,UNKNOWN,c1ev21
SPC-001033,12,RELAB,UNKNOWN,c1ev21cf
SPC-001034,12,RELAB,UNKNOWN,c1ev25
SPC-001035,12,RELAB,UNKNOWN,c1ev25cf
SPC-001036,12,RELAB,UNKNOWN,c1ev26
SPC-001037,12,RELAB,UNKNOWN,c1ev26cf
SPC-001038,12,RELAB,UNKNOWN,c1ev27
SPC-001039,12,RELAB,UNKNOWN,c1ev27cf
SPC-001040,12,RELAB,UNKNOWN,c1fb10
SPC-001041,12,RELAB,UNKNOWN,c1fb48
SPC-001042,12,RELAB,UNKNOWN,c1jb140
SPC-001043,12,RELAB,UNKNOWN,c1jb141
SPC-001044,12,RELAB,UNKNOWN,c1jb142
SPC-001045,12,RELAB,UNKNOWN,c1jb143
SPC-001046,12,RELAB,UNKNOWN,c1jb144
SPC-001047,12,RELAB,UNKNOWN,c1jb145
SPC-001048,12,RELAB,UNKNOWN,c1jb146
SPC-001049,12,RELAB,UNKNOWN,c1jb147
SPC-001050,12,RELAB,UNKNOWN,c1jb148
SPC-001051,12,RELAB,UNKNOWN,c1jb149
SPC-001052,12,RELAB,UNKNOWN,c1jb150
SPC-001053,12,RELAB,UNKNOWN,c1jb151
SPC-001054,12,RELAB,UNKNOWN,c1jb152
SPC-001055,12,RELAB,UNKNOWN,c1jb153
SPC-001056,12,RELAB,UNKNOWN,c1jb154
SPC-001057,12,RELAB,UNKNOWN,c1jb155
SPC-001058,12,RELAB,UNKNOWN,c1jb156
SPC-001059,12,RELAB,UNKNOWN,c1jb593
SPC-001060,12,RELAB,UNKNOWN,c1jb594
SPC-001061,12,RELAB,UNKNOWN,c1jb619a
SPC-001062,12,RELAB,UNKNOWN,c1jb619b
SPC-001063,12,RELAB,UNKNOWN,c2fb10
SPC-001064,12,RELAB,UNKNOWN,nafb262
SPC-001065,12,RELAB,UNKNOWN,nafb48
SPC-001066,13,RELAB,UNKNOWN,c1ss10
SPC-001067,13,RELAB,UNKNOWN,n1ss10
SPC-001068,13,RRUFF,Raman,Chrysoberyl
SPC-001069,13,RRUFF,Raman,Chrysoberyl
SPC-001070,13,RRUFF,Raman,Chrysoberyl
SPC-001071,13,RRUFF,Raman,R040002
SPC-001072,13,RRUFF,Raman,R040073
SPC-001073,13,RRUFF,Raman,R050065
SPC-001074,13,RRUFF,Raman,R050120
SPC-001075,13,RRUFF,Raman,R050121
SPC-001076,13,RRUFF,Raman,R050305
SPC-001077,13,RRUFF,Raman,R050347
SPC-001078,13,RRUFF,Raman,R050368
SPC-001079,13,RRUFF,Raman,R060299
SPC-001080,13,RRUFF,Raman,R060552
SPC-001081,13,RRUFF,Raman,R060942
SPC-001082,13,RRUFF,Raman,R060943
SPC-001083,13,RRUFF,Raman,R060944
SPC-001084,13,RRUFF,Raman,R070249
SPC-001085,13,RRUFF,Raman,R080110
SPC-001086,13,RRUFF,Raman,R100130
SPC-001087,13,RRUFF,Raman,R100219
SPC-001088,13,RRUFF,Raman,R110100
SPC-001089,13,RRUFF,Raman,R110103
SPC-001090,13,RRUFF,Raman,R110114
SPC-001091,13,RRUFF,Raman,R110118
SPC-001092,13,RRUFF,UNKNOWN,X050030_Raman_785_Raman_Data_Processed_e191ae2c4f5a5030d6cfde7033e2
SPC-001093,13,RRUFF,UNKNOWN,X050031_Raman_514_Raman_Data_Processed_c4fa22ee0864056a7fbbe105f442
SPC-001094,13,RRUFF,UNKNOWN,X080008_Raman_532_Raman_Data_Processed_b959acd4a94b1e71ee57aa14364e
SPC-001095,13,RRUFF,UNKNOWN,X080009_Raman_780_Raman_Data_Processed_33185948be935ab9409c1d8a4f21
SPC-001096,13,RRUFF,UNKNOWN,X080010_Raman_532_Raman_Data_Processed_96498cacfd11056c1753f4130939
SPC-001097,13,USGS,ASD,AV00
SPC-001098,13,USGS,ASD,AV00
SPC-001099,13,USGS,ASD,AV00
SPC-001100,13,USGS,ASD,AV00
SPC-001101,13,USGS,ASD,AV01
SPC-001102,13,USGS,ASD,AV01
SPC-001103,13,USGS,ASD,AV05
SPC-001104,13,USGS,ASD,AV05
SPC-001105,13,USGS,ASD,AV06
SPC-001106,13,USGS,ASD,AV06
SPC-001107,13,USGS,ASD,AV09
SPC-001108,13,USGS,ASD,AV09
SPC-001109,13,USGS,ASD,AV10
SPC-001110,13,USGS,ASD,AV10
SPC-001111,13,USGS,ASD,AV11
SPC-001112,13,USGS,ASD,AV11
SPC-001113,13,USGS,ASD,AV12
SPC-001114,13,USGS,ASD,AV12
SPC-001115,13,USGS,ASD,AV13
SPC-001116,13,USGS,ASD,AV13
SPC-001117,13,USGS,ASD,AV14
SPC-001118,13,USGS,ASD,AV14
SPC-001119,13,USGS,ASD,AV95
SPC-001120,13,USGS,ASD,AV95
SPC-001121,13,USGS,ASD,AV96
SPC-001122,13,USGS,ASD,AV96
SPC-001123,13,USGS,ASD,AV97
SPC-001124,13,USGS,ASD,AV97
SPC-001125,13,USGS,ASD,AV98
SPC-001126,13,USGS,ASD,AV98
SPC-001127,13,USGS,ASD,AV99
SPC-001128,13,USGS,ASD,AV99
SPC-001129,13,USGS,ASD,GDS9
SPC-001130,13,USGS,ASD,GDS9
SPC-001131,13,USGS,ASD,GDS9
SPC-001132,13,USGS,ASD,GDS9
SPC-001133,13,USGS,ASD,GDS9
SPC-001134,13,USGS,ASD,GDS9
SPC-001135,13,USGS,ASD,GDS9
SPC-001136,13,USGS,ASD,GDS9
SPC-001137,13,USGS,ASD,GDS9
SPC-001138,13,USGS,ASD,HS180.1B
SPC-001139,13,USGS,ASD,HS180.2B
SPC-001140,13,USGS,ASD,HS180.3B
SPC-001141,13,USGS,ASD,HS180.3B
SPC-001142,13,USGS,ASD,HS180.3B
SPC-001143,13,USGS,ASD,HS180.3B
SPC-001144,13,USGS,ASD,HS180.3B
SPC-001145,13,USGS,ASD,HS180.3B
SPC-001146,13,USGS,ASD,HS180.3B
SPC-001147,13,USGS,ASD,HS180.3B
SPC-001148,13,USGS,ASD,HS180.3B
SPC-001149,13,USGS,ASD,HS180.3B
SPC-001150,13,USGS,ASD,HS180.4B
SPC-001151,13,USGS,ASD,HS180.6
SPC-001152,13,USGS,ASD,HY07
SPC-001153,13,USGS,ASD,HY07
SPC-001154,13,USGS,ASD,HY14
SPC-001155,13,USGS,ASD,HY14
SPC-001156,13,USGS,ASD,M3t
SPC-001157,13,USGS,ASD,M3t
SPC-001158,14,RELAB,UNKNOWN,bir1cz001cf
SPC-001159,14,RELAB,UNKNOWN,bir1cz002cf
SPC-001160,14,RELAB,UNKNOWN,bir1ev005cf
SPC-001161,14,RELAB,UNKNOWN,bir1ev006cf
SPC-001162,14,RELAB,UNKNOWN,bir1ev009cf
SPC-001163,14,RELAB,UNKNOWN,bir1ev010cf
SPC-001164,14,RELAB,UNKNOWN,bir1ev011cf
SPC-001165,14,RELAB,UNKNOWN,bir1ev012cf
SPC-001166,14,RELAB,UNKNOWN,bir1ev013cf
SPC-001167,14,RELAB,UNKNOWN,bir1ev016cf
SPC-001168,14,RELAB,UNKNOWN,bir1ev017cf
SPC-001169,14,RELAB,UNKNOWN,bir1ev025cf
SPC-001170,14,RELAB,UNKNOWN,bir1ev027cf
SPC-001171,14,RELAB,UNKNOWN,bir1qq003cf
SPC-001172,14,RELAB,UNKNOWN,bir1qq004cf
SPC-001173,14,RELAB,UNKNOWN,bir1qq006cf
SPC-001174,14,RELAB,UNKNOWN,bir1qq007cf
SPC-001175,14,RELAB,UNKNOWN,bir1qx000cf
SPC-001176,14,RELAB,UNKNOWN,bir1sr071
SPC-001177,14,RELAB,UNKNOWN,bir1sr071a
SPC-001178,14,RELAB,UNKNOWN,bir1th007cf
SPC-001179,14,RELAB,UNKNOWN,bir1th009cf
SPC-001180,14,RELAB,UNKNOWN,bir1th012cf
SPC-001181,14,RELAB,UNKNOWN,c1cz01cf
SPC-001182,14,RELAB,UNKNOWN,c1cz02cf
SPC-001183,14,RELAB,UNKNOWN,c1ev05cf
SPC-001184,14,RELAB,UNKNOWN,c1ev06cf
SPC-001185,14,RELAB,UNKNOWN,c1ev09cf
SPC-001186,14,RELAB,UNKNOWN,c1ev10cf
SPC-001187,14,RELAB,UNKNOWN,c1ev11cf
SPC-001188,14,RELAB,UNKNOWN,c1ev12cf
SPC-001189,14,RELAB,UNKNOWN,c1ev13cf
SPC-001190,14,RELAB,UNKNOWN,c1ev16cf
SPC-001191,14,RELAB,UNKNOWN,c1ev17cf
SPC-001192,14,RELAB,UNKNOWN,c1ev25cf
SPC-001193,14,RELAB,UNKNOWN,c1ev27cf
SPC-001194,14,RELAB,UNKNOWN,c1qq03cf
SPC-001195,14,RELAB,UNKNOWN,c1qq04cf
SPC-001196,14,RELAB,UNKNOWN,c1qq06cf
SPC-001197,14,RELAB,UNKNOWN,c1qq07cf
SPC-001198,14,RELAB,UNKNOWN,c1qx00cf
SPC-001199,14,RELAB,UNKNOWN,c1sh47
SPC-001200,14,RELAB,UNKNOWN,c1sr71
SPC-001201,14,RELAB,UNKNOWN,c1sr71a
SPC-001202,14,RELAB,UNKNOWN,c1th07cf
SPC-001203,14,RELAB,UNKNOWN,c1th09cf
SPC-001204,14,RELAB,UNKNOWN,c1th12cf
SPC-001205,14,RELAB,UNKNOWN,c1xt06
SPC-001206,14,RELAB,UNKNOWN,c1xt07
SPC-001207,14,RELAB,UNKNOWN,c1xt08
SPC-001208,14,RELAB,UNKNOWN,c1xt09
SPC-001209,14,RRUFF,Raman,R040104
SPC-001210,14,RRUFF,Raman,R040108
SPC-001211,14,RRUFF,Raman,R040124
SPC-001212,14,RRUFF,Raman,R050080
SPC-001213,14,RRUFF,Raman,R050188
SPC-001214,14,RRUFF,Raman,R050198
SPC-001215,14,RRUFF,Raman,R060182
SPC-001216,14,RRUFF,Raman,R060266
SPC-001217,14,RRUFF,Raman,R061120
SPC-001218,14,RRUFF,Raman,R070107
SPC-001219,14,RRUFF,Raman,R100147
SPC-001220,14,RRUFF,UNKNOWN,X050119_Raman_785_Raman_Data_Processed_2839469c7ca72604833d4105e08b
SPC-001221,14,USGS,ASD,AV00
SPC-001222,14,USGS,ASD,AV00
SPC-001223,14,USGS,ASD,AV00
SPC-001224,14,USGS,ASD,AV00
SPC-001225,14,USGS,ASD,AV00
SPC-001226,14,USGS,ASD,AV00
SPC-001227,14,USGS,ASD,AV00
SPC-001228,14,USGS,ASD,AV00
SPC-001229,14,USGS,ASD,AV00
SPC-001230,14,USGS,ASD,AV00
SPC-001231,14,USGS,ASD,AV00
SPC-001232,14,USGS,ASD,AV00
SPC-001233,14,USGS,ASD,AV00
SPC-001234,14,USGS,ASD,AV00
SPC-001235,14,USGS,ASD,AV00
SPC-001236,14,USGS,ASD,AV00
SPC-001237,14,USGS,ASD,AV00
SPC-001238,14,USGS,ASD,CU91-250A
SPC-001239,14,USGS,ASD,CU91-252D
SPC-001240,14,USGS,ASD,CU93-65A
SPC-001241,14,USGS,ASD,GDS107
SPC-001242,14,USGS,ASD,GDS108
SPC-001243,14,USGS,ASD,GDS111
SPC-001244,14,USGS,ASD,GDS113
SPC-001245,14,USGS,ASD,GDS113
SPC-001246,14,USGS,ASD,GDS113a
SPC-001247,14,USGS,ASD,GDS114
SPC-001248,14,USGS,ASD,GDS116
SPC-001249,14,USGS,ASD,GDS116
SPC-001250,14,USGS,ASD,GDS116a
SPC-001251,14,USGS,ASD,GDS117
SPC-001252,14,USGS,ASD,GDS118
SPC-001253,14,USGS,ASD,GDS119
SPC-001254,14,USGS,ASD,GDS120
SPC-001255,14,USGS,ASD,HS146.3B
SPC-001256,14,USGS,ASD,HS24.3
SPC-001257,14,USGS,ASD,IL107
SPC-001258,15,RELAB,UNKNOWN,bir1sr066
SPC-001259,15,RELAB,UNKNOWN,bir1sr066a
SPC-001260,15,RELAB,UNKNOWN,bir1yy002
SPC-001261,15,RELAB,UNKNOWN,c1pk01
SPC-001262,15,RELAB,UNKNOWN,c1sd04
SPC-001263,15,RELAB,UNKNOWN,c1sr66
SPC-001264,15,RELAB,UNKNOWN,c1sr66a
SPC-001265,15,RELAB,UNKNOWN,c1yy02
SPC-001266,15,RELAB,UNKNOWN,c2sd04
SPC-001267,15,RELAB,UNKNOWN,c3sd04
SPC-001268,15,RRUFF,Raman,R040055
SPC-001269,15,RRUFF,Raman,R050185
SPC-001270,15,RRUFF,Raman,R050367
SPC-001271,15,RRUFF,Raman,R060077
SPC-001272,15,RRUFF,Raman,R070001
SPC-001273,15,RRUFF,Raman,R150014
SPC-001274,15,RRUFF,UNKNOWN,X050123-3_Raman_785_Raman_Data_Processed_7a50963275b9f586c7f865584293
SPC-001275,15,RRUFF,UNKNOWN,X050124-3_Raman_785_Raman_Data_Processed_3cfe4db4226c65530e27212e2047
SPC-001276,15,RRUFF,UNKNOWN,X050125_Raman_785_Raman_Data_Processed_7346026c2cbf2c57977063f7ea60
SPC-001277,15,RRUFF,UNKNOWN,X050126_Raman_785_Raman_Data_Processed_8e0cd2e26f59f9dd15538ec93e6c
SPC-001278,15,USGS,ASD,AV00
SPC-001279,15,USGS,ASD,AV00
SPC-001280,15,USGS,ASD,AV00
SPC-001281,15,USGS,ASD,AV01
SPC-001282,15,USGS,ASD,AV01
SPC-001283,15,USGS,ASD,AV01
SPC-001284,15,USGS,ASD,AV05
SPC-001285,15,USGS,ASD,AV05
SPC-001286,15,USGS,ASD,AV05
SPC-001287,15,USGS,ASD,AV06
SPC-001288,15,USGS,ASD,AV06
SPC-001289,15,USGS,ASD,AV06
SPC-001290,15,USGS,ASD,AV09
SPC-001291,15,USGS,ASD,AV09
SPC-001292,15,USGS,ASD,AV09
SPC-001293,15,USGS,ASD,AV10
SPC-001294,15,USGS,ASD,AV10
SPC-001295,15,USGS,ASD,AV10
SPC-001296,15,USGS,ASD,AV11
SPC-001297,15,USGS,ASD,AV11
SPC-001298,15,USGS,ASD,AV11
SPC-001299,15,USGS,ASD,AV12
SPC-001300,15,USGS,ASD,AV12
SPC-001301,15,USGS,ASD,AV12
SPC-001302,15,USGS,ASD,AV13
SPC-001303,15,USGS,ASD,AV13
SPC-001304,15,USGS,ASD,AV13
SPC-001305,15,USGS,ASD,AV14
SPC-001306,15,USGS,ASD,AV14
SPC-001307,15,USGS,ASD,AV14
SPC-001308,15,USGS,ASD,AV95
SPC-001309,15,USGS,ASD,AV95
SPC-001310,15,USGS,ASD,AV95
SPC-001311,15,USGS,ASD,AV96
SPC-001312,15,USGS,ASD,AV96
SPC-001313,15,USGS,ASD,AV96
SPC-001314,15,USGS,ASD,AV97
SPC-001315,15,USGS,ASD,AV97
SPC-001316,15,USGS,ASD,AV97
SPC-001317,15,USGS,ASD,AV98
SPC-001318,15,USGS,ASD,AV98
SPC-001319,15,USGS,ASD,AV98
SPC-001320,15,USGS,ASD,AV99
SPC-001321,15,USGS,ASD,AV99
SPC-001322,15,USGS,ASD,AV99
SPC-001323,15,USGS,ASD,GDS57
SPC-001324,15,USGS,ASD,GDS57
SPC-001325,15,USGS,ASD,GDS57
SPC-001326,15,USGS,ASD,GDS57
SPC-001327,15,USGS,ASD,GDS57
SPC-001328,15,USGS,ASD,HY07
SPC-001329,15,USGS,ASD,HY07
SPC-001330,15,USGS,ASD,HY07
SPC-001331,15,USGS,ASD,HY14
SPC-001332,15,USGS,ASD,HY14
SPC-001333,15,USGS,ASD,HY14
SPC-001334,15,USGS,ASD,M3t
SPC-001335,15,USGS,ASD,M3t
SPC-001336,15,USGS,ASD,M3t
SPC-001337,15,USGS,ASD,NMNH113188
SPC-001338,15,USGS,ASD,NMNH113188
SPC-001339,15,USGS,ASD,NMNH113188
SPC-001340,15,USGS,ASD,NMNH113188
SPC-001341,15,USGS,ASD,NMNH113188
SPC-001342,15,USGS,ASD,NMNH142137
SPC-001343,15,USGS,ASD,NMNH142137
SPC-001344,15,USGS,ASD,NMNH142137
SPC-001345,15,USGS,ASD,NMNH142137
SPC-001346,15,USGS,ASD,NMNH142137
SPC-001347,16,RELAB,UNKNOWN,bir1sr045
SPC-001348,16,RELAB,UNKNOWN,bir1sr045a
SPC-001349,16,RELAB,UNKNOWN,bir1sr050
SPC-001350,16,RELAB,UNKNOWN,bir1sr050a
SPC-001351,16,RELAB,UNKNOWN,c1sr45
SPC-001352,16,RELAB,UNKNOWN,c1sr45a
SPC-001353,16,RELAB,UNKNOWN,c1sr50
SPC-001354,16,RELAB,UNKNOWN,c1sr50a
SPC-001355,16,RRUFF,Raman,R040154
SPC-001356,16,RRUFF,Raman,R050054
SPC-001357,16,RRUFF,Raman,R050150
SPC-001358,16,RRUFF,Raman,R050193
SPC-001359,16,RRUFF,Raman,R120005
SPC-001360,16,RRUFF,Raman,R150015
SPC-001361,16,RRUFF,UNKNOWN,X050117_Raman_785_Raman_Data_Processed_4d25e8b37a1d1276a061bfc97339
SPC-001362,16,USGS,ASD,AV00
SPC-001363,16,USGS,ASD,AV00
SPC-001364,16,USGS,ASD,AV00
SPC-001365,16,USGS,ASD,AV00
SPC-001366,16,USGS,ASD,AV00
SPC-001367,16,USGS,ASD,AV00
SPC-001368,16,USGS,ASD,AV01
SPC-001369,16,USGS,ASD,AV01
SPC-001370,16,USGS,ASD,AV01
SPC-001371,16,USGS,ASD,AV01
SPC-001372,16,USGS,ASD,AV01
SPC-001373,16,USGS,ASD,AV01
SPC-001374,16,USGS,ASD,AV05
SPC-001375,16,USGS,ASD,AV05
SPC-001376,16,USGS,ASD,AV05
SPC-001377,16,USGS,ASD,AV05
SPC-001378,16,USGS,ASD,AV05
SPC-001379,16,USGS,ASD,AV05
SPC-001380,16,USGS,ASD,AV06
SPC-001381,16,USGS,ASD,AV06
SPC-001382,16,USGS,ASD,AV06
SPC-001383,16,USGS,ASD,AV06
SPC-001384,16,USGS,ASD,AV06
SPC-001385,16,USGS,ASD,AV06
SPC-001386,16,USGS,ASD,AV09
SPC-001387,16,USGS,ASD,AV09
SPC-001388,16,USGS,ASD,AV09
SPC-001389,16,USGS,ASD,AV09
SPC-001390,16,USGS,ASD,AV09
SPC-001391,16,USGS,ASD,AV09
SPC-001392,16,USGS,ASD,AV10
SPC-001393,16,USGS,ASD,AV10
SPC-001394,16,USGS,ASD,AV10
SPC-001395,16,USGS,ASD,AV10
SPC-001396,16,USGS,ASD,AV10
SPC-001397,16,USGS,ASD,AV10
SPC-001398,16,USGS,ASD,AV11
SPC-001399,16,USGS,ASD,AV11
SPC-001400,16,USGS,ASD,AV11
SPC-001401,16,USGS,ASD,AV11
SPC-001402,16,USGS,ASD,AV11
SPC-001403,16,USGS,ASD,AV11
SPC-001404,16,USGS,ASD,AV12
SPC-001405,16,USGS,ASD,AV12
SPC-001406,16,USGS,ASD,AV12
SPC-001407,16,USGS,ASD,AV12
SPC-001408,16,USGS,ASD,AV12
SPC-001409,16,USGS,ASD,AV12
SPC-001410,16,USGS,ASD,AV13
SPC-001411,16,USGS,ASD,AV13
SPC-001412,16,USGS,ASD,AV13
SPC-001413,16,USGS,ASD,AV13
SPC-001414,16,USGS,ASD,AV13
SPC-001415,16,USGS,ASD,AV13
SPC-001416,16,USGS,ASD,AV14
SPC-001417,16,USGS,ASD,AV14
SPC-001418,16,USGS,ASD,AV14
SPC-001419,16,USGS,ASD,AV14
SPC-001420,16,USGS,ASD,AV14
SPC-001421,16,USGS,ASD,AV14
SPC-001422,16,USGS,ASD,AV95
SPC-001423,16,USGS,ASD,AV95
SPC-001424,16,USGS,ASD,AV95
SPC-001425,16,USGS,ASD,AV95
SPC-001426,16,USGS,ASD,AV95
SPC-001427,16,USGS,ASD,AV95
SPC-001428,16,USGS,ASD,AV96
SPC-001429,16,USGS,ASD,AV96
SPC-001430,16,USGS,ASD,AV96
SPC-001431,16,USGS,ASD,AV96
SPC-001432,16,USGS,ASD,AV96
SPC-001433,16,USGS,ASD,AV96
SPC-001434,16,USGS,ASD,AV97
SPC-001435,16,USGS,ASD,AV97
SPC-001436,16,USGS,ASD,AV97
SPC-001437,16,USGS,ASD,AV97
SPC-001438,16,USGS,ASD,AV97
SPC-001439,16,USGS,ASD,AV97
SPC-001440,16,USGS,ASD,AV98
SPC-001441,16,USGS,ASD,HS103.3B
SPC-001442,16,USGS,ASD,HS107.3B
SPC-001443,16,USGS,ASD,HS108.3B
SPC-001444,16,USGS,ASD,HS151.3B
SPC-001445,16,USGS,ASD,HS82.3B
SPC-001446,16,USGS,ASD,NMNH135231
SPC-001447,17,RELAB,UNKNOWN,bir1jb587
SPC-001448,17,RELAB,UNKNOWN,bir1sr047
SPC-001449,17,RELAB,UNKNOWN,bir1sr047a
SPC-001450,17,RELAB,UNKNOWN,bir2sr047
SPC-001451,17,RELAB,UNKNOWN,c1dh15
SPC-001452,17,RELAB,UNKNOWN,c1dh24
SPC-001453,17,RELAB,UNKNOWN,c1jb587
SPC-001454,17,RELAB,UNKNOWN,c1pa05
SPC-001455,17,RELAB,UNKNOWN,c1sr47
SPC-001456,17,RELAB,UNKNOWN,c1sr47a
SPC-001457,17,RELAB,UNKNOWN,c1ys04
SPC-001458,17,RELAB,UNKNOWN,capa05
SPC-001459,17,RELAB,UNKNOWN,cbpa05
SPC-001460,17,RELAB,UNKNOWN,ccpa05
SPC-001461,17,RELAB,UNKNOWN,cepa05
SPC-001462,17,RELAB,UNKNOWN,cgpa05
SPC-001463,17,RELAB,UNKNOWN,nnapa5
SPC-001464,17,RELAB,UNKNOWN,nnbpa5
SPC-001465,17,RELAB,UNKNOWN,nncpa5
SPC-001466,17,RELAB,UNKNOWN,nnepa5
SPC-001467,17,RELAB,UNKNOWN,nnfpa5
SPC-001468,17,RELAB,UNKNOWN,nngpa5
SPC-001469,17,RRUFF,Raman,R040068
SPC-001470,17,RRUFF,Raman,R040129
SPC-001471,17,RRUFF,Raman,R050253
SPC-001472,17,RRUFF,Raman,R050402
SPC-001473,17,RRUFF,Raman,R060054
SPC-001474,17,RRUFF,Raman,R070268
SPC-001475,17,RRUFF,Raman,R100169
SPC-001476,17,RRUFF,Raman,R230008
SPC-001477,17,RRUFF,UNKNOWN,X050005_Raman_785_Raman_Data_Processed_ee758c933b89f5f67eacebe307f0
SPC-001478,17,RRUFF,UNKNOWN,X050006_Raman_785_Raman_Data_Processed_cdc32833367b78168c820d846000
SPC-001479,17,RRUFF,UNKNOWN,X050007_Raman_785_Raman_Data_Processed_d171786ded00d50b1d8b944fe0a2
SPC-001480,17,RRUFF,UNKNOWN,X050008_Raman_785_Raman_Data_Processed_0ffdcfe030ebe5e63bb927716676
SPC-001481,17,RRUFF,UNKNOWN,X050014_Raman_785_Raman_Data_Processed_16e4509484f7a0cf497e744b5a4a
SPC-001482,17,RRUFF,UNKNOWN,X050127_Raman_785_Raman_Data_Processed_4a344f9bcb34faf016249af6567a
SPC-001483,17,USGS,ASD,AV00
SPC-001484,17,USGS,ASD,AV00
SPC-001485,17,USGS,ASD,AV00
SPC-001486,17,USGS,ASD,AV00
SPC-001487,17,USGS,ASD,AV00
SPC-001488,17,USGS,ASD,AV01
SPC-001489,17,USGS,ASD,AV01
SPC-001490,17,USGS,ASD,AV01
SPC-001491,17,USGS,ASD,AV01
SPC-001492,17,USGS,ASD,AV01
SPC-001493,17,USGS,ASD,AV05
SPC-001494,17,USGS,ASD,AV05
SPC-001495,17,USGS,ASD,AV05
SPC-001496,17,USGS,ASD,AV05
SPC-001497,17,USGS,ASD,AV05
SPC-001498,17,USGS,ASD,AV06
SPC-001499,17,USGS,ASD,AV06
SPC-001500,17,USGS,ASD,AV06
SPC-001501,17,USGS,ASD,AV06
SPC-001502,17,USGS,ASD,AV06
SPC-001503,17,USGS,ASD,AV09
SPC-001504,17,USGS,ASD,AV09
SPC-001505,17,USGS,ASD,AV09
SPC-001506,17,USGS,ASD,AV09
SPC-001507,17,USGS,ASD,AV09
SPC-001508,17,USGS,ASD,AV10
SPC-001509,17,USGS,ASD,AV10
SPC-001510,17,USGS,ASD,AV10
SPC-001511,17,USGS,ASD,AV10
SPC-001512,17,USGS,ASD,AV10
SPC-001513,17,USGS,ASD,AV11
SPC-001514,17,USGS,ASD,AV11
SPC-001515,17,USGS,ASD,AV11
SPC-001516,17,USGS,ASD,AV11
SPC-001517,17,USGS,ASD,AV11
SPC-001518,17,USGS,ASD,AV12
SPC-001519,17,USGS,ASD,AV12
SPC-001520,17,USGS,ASD,AV12
SPC-001521,17,USGS,ASD,AV12
SPC-001522,17,USGS,ASD,AV12
SPC-001523,17,USGS,ASD,AV13
SPC-001524,17,USGS,ASD,AV13
SPC-001525,17,USGS,ASD,AV13
SPC-001526,17,USGS,ASD,AV13
SPC-001527,17,USGS,ASD,AV13
SPC-001528,17,USGS,ASD,AV14
SPC-001529,17,USGS,ASD,AV14
SPC-001530,17,USGS,ASD,AV14
SPC-001531,17,USGS,ASD,AV14
SPC-001532,17,USGS,ASD,AV14
SPC-001533,17,USGS,ASD,AV95
SPC-001534,17,USGS,ASD,AV95
SPC-001535,17,USGS,ASD,AV95
SPC-001536,17,USGS,ASD,AV95
SPC-001537,17,USGS,ASD,AV95
SPC-001538,17,USGS,ASD,AV96
SPC-001539,17,USGS,ASD,AV96
SPC-001540,17,USGS,ASD,AV96
SPC-001541,17,USGS,ASD,AV96
SPC-001542,17,USGS,ASD,HS143.3B
SPC-001543,17,USGS,ASD,HS324.3B
SPC-001544,17,USGS,ASD,HS66.3B
SPC-001545,17,USGS,ASD,NMNH103200
SPC-001546,17,USGS,ASD,NMNHC5390
SPC-001547,18,RELAB,UNKNOWN,397s224
SPC-001548,18,RELAB,UNKNOWN,bir1jb273a
SPC-001549,18,RELAB,UNKNOWN,bir1jb273d
SPC-001550,18,RELAB,UNKNOWN,bir1jb274a
SPC-001551,18,RELAB,UNKNOWN,bir1jb274d
SPC-001552,18,RELAB,UNKNOWN,bir1jb275a
SPC-001553,18,RELAB,UNKNOWN,bir1jb275d
SPC-001554,18,RELAB,UNKNOWN,bir1jb320
SPC-001555,18,RELAB,UNKNOWN,bir1jb322
SPC-001556,18,RELAB,UNKNOWN,bir1jb324
SPC-001557,18,RELAB,UNKNOWN,bir1sr055
SPC-001558,18,RELAB,UNKNOWN,bir1sr055a
SPC-001559,18,RELAB,UNKNOWN,bmr1np030
SPC-001560,18,RELAB,UNKNOWN,bmr1np031
SPC-001561,18,RELAB,UNKNOWN,bmr1np032
SPC-001562,18,RELAB,UNKNOWN,bmr1np033
SPC-001563,18,RELAB,UNKNOWN,bmr1np034
SPC-001564,18,RELAB,UNKNOWN,bmr1np035
SPC-001565,18,RELAB,UNKNOWN,bmr1np036
SPC-001566,18,RELAB,UNKNOWN,bmr1np037
SPC-001567,18,RELAB,UNKNOWN,c1jb224
SPC-001568,18,RELAB,UNKNOWN,c1jb273a
SPC-001569,18,RELAB,UNKNOWN,c1jb273d
SPC-001570,18,RELAB,UNKNOWN,c1jb274a
SPC-001571,18,RELAB,UNKNOWN,c1jb274d
SPC-001572,18,RELAB,UNKNOWN,c1jb275a
SPC-001573,18,RELAB,UNKNOWN,c1jb275d
SPC-001574,18,RELAB,UNKNOWN,c1jb320
SPC-001575,18,RELAB,UNKNOWN,c1jb321
SPC-001576,18,RELAB,UNKNOWN,c1jb322
SPC-001577,18,RELAB,UNKNOWN,c1jb324
SPC-001578,18,RELAB,UNKNOWN,c1sg05
SPC-001579,18,RELAB,UNKNOWN,c1sr55
SPC-001580,18,RELAB,UNKNOWN,c1sr55a
SPC-001581,18,RELAB,UNKNOWN,c2jb320
SPC-001582,18,RELAB,UNKNOWN,c2jb322
SPC-001583,18,RELAB,UNKNOWN,came02
SPC-001584,18,RRUFF,Raman,Fluorapatite
SPC-001585,18,RRUFF,Raman,R040098
SPC-001586,18,RRUFF,Raman,R050122
SPC-001587,18,RRUFF,Raman,R050192
SPC-001588,18,RRUFF,Raman,R050194
SPC-001589,18,RRUFF,Raman,R050274
SPC-001590,18,RRUFF,Raman,R050340
SPC-001591,18,RRUFF,Raman,R050369
SPC-001592,18,RRUFF,Raman,R050401
SPC-001593,18,RRUFF,Raman,R050512
SPC-001594,18,RRUFF,Raman,R050529
SPC-001595,18,RRUFF,Raman,R050617
SPC-001596,18,RRUFF,Raman,R060070
SPC-001597,18,RRUFF,Raman,R060180
SPC-001598,18,RRUFF,Raman,R060184
SPC-001599,18,RRUFF,Raman,R060192
SPC-001600,18,RRUFF,Raman,R060333
SPC-001601,18,RRUFF,Raman,R060421
SPC-001602,18,RRUFF,Raman,R070163
SPC-001603,18,RRUFF,Raman,R100225
SPC-001604,18,RRUFF,Raman,R130713
SPC-001605,19,RELAB,UNKNOWN,1101f549
SPC-001606,19,RELAB,UNKNOWN,1101f550
SPC-001607,19,RELAB,UNKNOWN,1101s549
SPC-001608,19,RELAB,UNKNOWN,1101s550
SPC-001609,19,RELAB,UNKNOWN,1101s551
SPC-001610,19,RELAB,UNKNOWN,1101s552
SPC-001611,19,RELAB,UNKNOWN,1101s553
SPC-001612,19,RELAB,UNKNOWN,1101s554
SPC-001613,19,RELAB,UNKNOWN,1101s555
SPC-001614,19,RELAB,UNKNOWN,bir1cb063a
SPC-001615,19,RELAB,UNKNOWN,bir1cb064a
SPC-001616,19,RELAB,UNKNOWN,bir1cb065a
SPC-001617,19,RELAB,UNKNOWN,bir1cb077a
SPC-001618,19,RELAB,UNKNOWN,bir1cb078a
SPC-001619,19,RELAB,UNKNOWN,bir1jb549
SPC-001620,19,RELAB,UNKNOWN,bir1jb550
SPC-001621,19,RELAB,UNKNOWN,bir1jb825
SPC-001622,19,RELAB,UNKNOWN,bir1jb826
SPC-001623,19,RELAB,UNKNOWN,bir1jb827
SPC-001624,19,RELAB,UNKNOWN,bir1jbe57a
SPC-001625,19,RELAB,UNKNOWN,bir1jbe57b
SPC-001626,19,RELAB,UNKNOWN,bir1jbe57c
SPC-001627,19,RELAB,UNKNOWN,bir1jbe57d
SPC-001628,19,RELAB,UNKNOWN,bir1jbe57e
SPC-001629,19,RELAB,UNKNOWN,bir1jbe57f
SPC-001630,19,RELAB,UNKNOWN,bir1jbe58a
SPC-001631,19,RELAB,UNKNOWN,bir1jbe58b
SPC-001632,19,RELAB,UNKNOWN,bir1jbe58c
SPC-001633,19,RELAB,UNKNOWN,bir1jbe58d
SPC-001634,19,RELAB,UNKNOWN,bir1jbe58e
SPC-001635,19,RELAB,UNKNOWN,bir1jbe58f
SPC-001636,19,RELAB,UNKNOWN,bir2cb099
SPC-001637,19,RELAB,UNKNOWN,bkr1jb549
SPC-001638,19,RELAB,UNKNOWN,bkr1jb550
SPC-001639,19,RELAB,UNKNOWN,bnr1cb099
SPC-001640,19,RELAB,UNKNOWN,c1cy05
SPC-001641,19,RELAB,UNKNOWN,c1fb13
SPC-001642,19,RELAB,UNKNOWN,c1gr01
SPC-001643,19,RELAB,UNKNOWN,c1hm01
SPC-001644,19,RELAB,UNKNOWN,c1hm02
SPC-001645,19,RELAB,UNKNOWN,c1jb290
SPC-001646,19,RELAB,UNKNOWN,c1jb825
SPC-001647,19,RELAB,UNKNOWN,c1jb826
SPC-001648,19,RELAB,UNKNOWN,c1jb827
SPC-001649,19,RELAB,UNKNOWN,c1jbe57a
SPC-001650,19,RELAB,UNKNOWN,c1jbe57b
SPC-001651,19,RELAB,UNKNOWN,c1jbe57c
SPC-001652,19,RELAB,UNKNOWN,c1jbe57d
SPC-001653,19,RELAB,UNKNOWN,c1jbe57e
SPC-001654,19,RELAB,UNKNOWN,c1jbe57f
SPC-001655,19,RELAB,UNKNOWN,c1jbe58a
SPC-001656,19,RELAB,UNKNOWN,c1jbe58b
SPC-001657,19,RELAB,UNKNOWN,c1jbe58c
SPC-001658,19,RELAB,UNKNOWN,c1jbe58d
SPC-001659,19,RELAB,UNKNOWN,c1jbe58e
SPC-001660,19,RELAB,UNKNOWN,c1jbe58f
SPC-001661,19,RELAB,UNKNOWN,c1jt102
SPC-001662,19,RELAB,UNKNOWN,c1jt103
SPC-001663,19,RELAB,UNKNOWN,c1jt104
SPC-001664,19,RELAB,UNKNOWN,c1jt105
SPC-001665,19,RELAB,UNKNOWN,c2fb13
SPC-001666,19,RELAB,UNKNOWN,c2jb290
SPC-001667,19,RELAB,UNKNOWN,c2jb539
SPC-001668,19,RELAB,UNKNOWN,c2jb549
SPC-001669,19,RELAB,UNKNOWN,c2jb550
SPC-001670,19,RELAB,UNKNOWN,c2jb552
SPC-001671,19,RELAB,UNKNOWN,c2jb554
SPC-001672,19,RELAB,UNKNOWN,c2jt105
SPC-001673,19,RELAB,UNKNOWN,caca10
SPC-001674,19,RELAB,UNKNOWN,cacb09
SPC-001675,19,RELAB,UNKNOWN,cacb10
SPC-001676,19,RELAB,UNKNOWN,cacb11
SPC-001677,19,RELAB,UNKNOWN,cacb12
SPC-001678,19,RELAB,UNKNOWN,cacb13
SPC-001679,19,RELAB,UNKNOWN,cacb63
SPC-001680,19,RELAB,UNKNOWN,cacb64
SPC-001681,19,RELAB,UNKNOWN,cacb65
SPC-001682,19,RELAB,UNKNOWN,cacb77
SPC-001683,19,RELAB,UNKNOWN,cacb78
SPC-001684,19,RELAB,UNKNOWN,caec04
SPC-001685,19,RELAB,UNKNOWN,cbcb09
SPC-001686,19,RELAB,UNKNOWN,cbcb12
SPC-001687,19,RELAB,UNKNOWN,cbcb13
SPC-001688,19,RELAB,UNKNOWN,kacb09a
SPC-001689,19,RELAB,UNKNOWN,kacb09b
SPC-001690,19,RELAB,UNKNOWN,kacb10a
SPC-001691,19,RELAB,UNKNOWN,kacb11a
SPC-001692,19,RELAB,UNKNOWN,kacb12a
SPC-001693,19,RELAB,UNKNOWN,kacb12b
SPC-001694,19,RELAB,UNKNOWN,kacb13a
SPC-001695,19,RELAB,UNKNOWN,kacb13b
SPC-001696,19,RELAB,UNKNOWN,loff549
SPC-001697,19,RELAB,UNKNOWN,loff550
SPC-001698,19,RELAB,UNKNOWN,m1ca10
SPC-001699,19,RELAB,UNKNOWN,nagr01
SPC-001700,19,RELAB,UNKNOWN,off549
SPC-001701,19,RELAB,UNKNOWN,off550
SPC-001702,19,RELAB,UNKNOWN,off552
SPC-001703,19,RELAB,UNKNOWN,off554
SPC-001704,20,RELAB,UNKNOWN,bfr1cb017a
SPC-001705,20,RELAB,UNKNOWN,bir1jb608j
SPC-001706,20,RELAB,UNKNOWN,bir1jb608k
SPC-001707,20,RELAB,UNKNOWN,bir1jb608l
SPC-001708,20,RELAB,UNKNOWN,bir1jb608m
SPC-001709,20,RELAB,UNKNOWN,bir1jb779
SPC-001710,20,RELAB,UNKNOWN,bir1jbe61a
SPC-001711,20,RELAB,UNKNOWN,bir1jbe61b
SPC-001712,20,RELAB,UNKNOWN,bir1jbe61c
SPC-001713,20,RELAB,UNKNOWN,bir1jbe61d
SPC-001714,20,RELAB,UNKNOWN,bir1jbe61e
SPC-001715,20,RELAB,UNKNOWN,bir1jbe61f
SPC-001716,20,RELAB,UNKNOWN,bir1jbe72
SPC-001717,20,RELAB,UNKNOWN,bir1jbe73
SPC-001718,20,RELAB,UNKNOWN,bir1jbe74
SPC-001719,20,RELAB,UNKNOWN,bir1jbe75
SPC-001720,20,RELAB,UNKNOWN,bir1jbe76
SPC-001721,20,RELAB,UNKNOWN,bir1jbe77
SPC-001722,20,RELAB,UNKNOWN,bir1mg028
SPC-001723,20,RELAB,UNKNOWN,bir1mg029
SPC-001724,20,RELAB,UNKNOWN,bir1mg032
SPC-001725,20,RELAB,UNKNOWN,bir1mg033
SPC-001726,20,RELAB,UNKNOWN,bir1mg034
SPC-001727,20,RELAB,UNKNOWN,bir1mg038
SPC-001728,20,RELAB,UNKNOWN,bir1mg039
SPC-001729,20,RELAB,UNKNOWN,bir1mg040
SPC-001730,20,RELAB,UNKNOWN,bir1mg043
SPC-001731,20,RELAB,UNKNOWN,bir1mg044
SPC-001732,20,RELAB,UNKNOWN,bir1mg045
SPC-001733,20,RELAB,UNKNOWN,bir1mg046
SPC-001734,20,RELAB,UNKNOWN,bir1mg047
SPC-001735,20,RELAB,UNKNOWN,bir1mg048
SPC-001736,20,RELAB,UNKNOWN,bir1mg049
SPC-001737,20,RELAB,UNKNOWN,bir1mg050
SPC-001738,20,RELAB,UNKNOWN,bir1mg051
SPC-001739,20,RELAB,UNKNOWN,bir1mg052
SPC-001740,20,RELAB,UNKNOWN,bir1mg053
SPC-001741,20,RELAB,UNKNOWN,bir1mg054
SPC-001742,20,RELAB,UNKNOWN,bir1mg055
SPC-001743,20,RELAB,UNKNOWN,bir1mg056
SPC-001744,20,RELAB,UNKNOWN,bir1mg057
SPC-001745,20,RELAB,UNKNOWN,bir1mg058
SPC-001746,20,RELAB,UNKNOWN,bir2jbe61a
SPC-001747,20,RELAB,UNKNOWN,bir2jbe61b
SPC-001748,20,RELAB,UNKNOWN,bir2jbe61c
SPC-001749,20,RELAB,UNKNOWN,bir2jbe61d
SPC-001750,20,RELAB,UNKNOWN,bir2jbe61e
SPC-001751,20,RELAB,UNKNOWN,bir2jbe61f
SPC-001752,20,RELAB,UNKNOWN,bmr1cb017a
SPC-001753,20,RELAB,UNKNOWN,c1cy07
SPC-001754,20,RELAB,UNKNOWN,c1jb608j
SPC-001755,20,RELAB,UNKNOWN,c1jb608k
SPC-001756,20,RELAB,UNKNOWN,c1jb608l
SPC-001757,20,RELAB,UNKNOWN,c1jb608m
SPC-001758,20,RELAB,UNKNOWN,c1jb779
SPC-001759,20,RELAB,UNKNOWN,c1jbe61a
SPC-001760,20,RELAB,UNKNOWN,c1jbe61b
SPC-001761,20,RELAB,UNKNOWN,c1jbe61c
SPC-001762,20,RELAB,UNKNOWN,c1jbe61d
SPC-001763,20,RELAB,UNKNOWN,c1jbe61e
SPC-001764,20,RELAB,UNKNOWN,c1jbe61f
SPC-001765,20,RELAB,UNKNOWN,c1jbe72
SPC-001766,20,RELAB,UNKNOWN,c1jbe73
SPC-001767,20,RELAB,UNKNOWN,c1jbe74
SPC-001768,20,RELAB,UNKNOWN,c1jbe75
SPC-001769,20,RELAB,UNKNOWN,c1jbe76
SPC-001770,20,RELAB,UNKNOWN,c1jbe77
SPC-001771,20,RELAB,UNKNOWN,c1mg28
SPC-001772,20,RELAB,UNKNOWN,c1mg29
SPC-001773,20,RELAB,UNKNOWN,c1mg32
SPC-001774,20,RELAB,UNKNOWN,c1mg33
SPC-001775,20,RELAB,UNKNOWN,c1mg34
SPC-001776,20,RELAB,UNKNOWN,c1mg38
SPC-001777,20,RELAB,UNKNOWN,c1mg39
SPC-001778,20,RELAB,UNKNOWN,c1mg40
SPC-001779,20,RELAB,UNKNOWN,c1mg43
SPC-001780,20,RELAB,UNKNOWN,c1mg44
SPC-001781,20,RELAB,UNKNOWN,c1mg45
SPC-001782,20,RELAB,UNKNOWN,c1mg46
SPC-001783,20,RELAB,UNKNOWN,c1mg47
SPC-001784,20,RELAB,UNKNOWN,c1mg48
SPC-001785,20,RELAB,UNKNOWN,c1mg49
SPC-001786,20,RELAB,UNKNOWN,c1mg50
SPC-001787,20,RELAB,UNKNOWN,c1mg51
SPC-001788,20,RELAB,UNKNOWN,c1mg52
SPC-001789,20,RELAB,UNKNOWN,c1mg53
SPC-001790,20,RELAB,UNKNOWN,c1mg54
SPC-001791,20,RELAB,UNKNOWN,c1mg55
SPC-001792,20,RELAB,UNKNOWN,c1mg56
SPC-001793,20,RELAB,UNKNOWN,c1mg57
SPC-001794,20,RELAB,UNKNOWN,c1mg58
SPC-001795,20,RELAB,UNKNOWN,cacb03
SPC-001796,20,RELAB,UNKNOWN,cacb17
SPC-001797,20,RELAB,UNKNOWN,camg06
SPC-001798,20,RELAB,UNKNOWN,cbcb03
SPC-001799,20,RELAB,UNKNOWN,cbcc05
SPC-001800,20,RELAB,UNKNOWN,kacb03a
SPC-001801,20,RELAB,UNKNOWN,kacb03b
SPC-001802,20,RELAB,UNKNOWN,n1cc05a
SPC-001803,20,RELAB,UNKNOWN,n1cc05c
