spectrum_id,mineral_id,mineral_name,source,instrument,sample_name,wavelength_range,resolution,preprocessing_version,signal_quality,is_valid
ALB001,17,Albite,RRUFF,Raman,R040068,400-2500,,v1.0,1.0,True
ALB002,17,Albite,RRUFF,Raman,R040129,400-2500,,v1.0,1.0,True
ALB003,17,Albite,RRUFF,Raman,R050253,400-2500,,v1.0,1.0,True
ALB004,17,Albite,RRUFF,Raman,R050402,400-2500,,v1.0,1.0,True
ALB005,17,Albite,RRUFF,Raman,R060054,400-2500,,v1.0,1.0,True
ALB006,17,Albite,RRUFF,Raman,R070268,400-2500,,v1.0,1.0,True
ALB007,17,Albite,RRUFF,Raman,R100169,400-2500,,v1.0,1.0,True
ALB008,17,Albite,RRUFF,Raman,R230008,400-2500,,v1.0,1.0,True
ALB009,17,Albite,RRUFF,Raman,Albite,400-2500,,v1.0,1.0,True
ALB010,17,Albite,RELAB,UNKNOWN,bir1jb587,400-2500,,v1.0,1.0,True
ALB011,17,Albite,RELAB,UNKNOWN,bir1sr047,400-2500,,v1.0,1.0,True
ALB012,17,Albite,RELAB,UNKNOWN,bir1sr047a,400-2500,,v1.0,1.0,True
ALB013,17,Albite,RELAB,UNKNOWN,bir2sr047,400-2500,,v1.0,1.0,True
ALB014,17,Albite,RELAB,UNKNOWN,c1dh15,400-2500,,v1.0,1.0,True
ALB015,17,Albite,RELAB,UNKNOWN,c1dh24,400-2500,,v1.0,1.0,True
ALB016,17,Albite,RELAB,UNKNOWN,c1jb587,400-2500,,v1.0,1.0,True
ALB017,17,Albite,RELAB,UNKNOWN,c1pa05,400-2500,,v1.0,1.0,True
ALB018,17,Albite,RELAB,UNKNOWN,c1sr47,400-2500,,v1.0,1.0,True
ALB019,17,Albite,RELAB,UNKNOWN,c1sr47a,400-2500,,v1.0,1.0,True
ALB020,17,Albite,RELAB,UNKNOWN,c1ys04,400-2500,,v1.0,1.0,True
ALB021,17,Albite,RELAB,UNKNOWN,capa05,400-2500,,v1.0,1.0,True
ALB022,17,Albite,RELAB,UNKNOWN,cbpa05,400-2500,,v1.0,1.0,True
ALB023,17,Albite,RELAB,UNKNOWN,ccpa05,400-2500,,v1.0,1.0,True
ALB024,17,Albite,RELAB,UNKNOWN,cepa05,400-2500,,v1.0,1.0,True
ALB025,17,Albite,RELAB,UNKNOWN,cgpa05,400-2500,,v1.0,1.0,True
ALB026,17,Albite,USGS,ASD,HS143.3B,400-2500,,v1.0,1.0,True
ALB027,17,Albite,USGS,ASD,HS324.3B,400-2500,,v1.0,1.0,True
ALB028,17,Albite,USGS,ASD,HS66.3B,400-2500,,v1.0,1.0,True
ALB029,17,Albite,USGS,ASD,NMNHC5390,400-2500,,v1.0,1.0,True
ALB030,17,Albite,USGS,ASD,NMNH103200,400-2500,,v1.0,1.0,True
ALB031,17,Albite,USGS,ASD,AV00,400-2500,,v1.0,1.0,True
ALB032,17,Albite,USGS,ASD,AV01,400-2500,,v1.0,1.0,True
ALB033,17,Albite,USGS,ASD,AV05,400-2500,,v1.0,1.0,True
ALB034,17,Albite,USGS,ASD,AV06,400-2500,,v1.0,1.0,True
ALB035,17,Albite,USGS,ASD,AV09,400-2500,,v1.0,1.0,True
ALB036,17,Albite,USGS,ASD,AV10,400-2500,,v1.0,1.0,True
ALB037,17,Albite,USGS,ASD,AV11,400-2500,,v1.0,1.0,True
ALB038,17,Albite,USGS,ASD,AV12,400-2500,,v1.0,1.0,True
ALB039,17,Albite,USGS,ASD,AV13,400-2500,,v1.0,1.0,True
ALB040,17,Albite,USGS,ASD,AV14,400-2500,,v1.0,1.0,True
ALB041,17,Albite,USGS,ASD,AV95,400-2500,,v1.0,1.0,True
ALB042,17,Albite,USGS,ASD,AV96,400-2500,,v1.0,1.0,True
ALB043,17,Albite,RELAB,UNKNOWN,nnapa5,400-2500,,v1.0,1.0,True
ALB044,17,Albite,RELAB,UNKNOWN,nnbpa5,400-2500,,v1.0,1.0,True
ALB045,17,Albite,RELAB,UNKNOWN,nncpa5,400-2500,,v1.0,1.0,True
ALB046,17,Albite,RELAB,UNKNOWN,nnepa5,400-2500,,v1.0,1.0,True
ALB047,17,Albite,RELAB,UNKNOWN,nnfpa5,400-2500,,v1.0,1.0,True
ALB048,17,Albite,RELAB,UNKNOWN,nngpa5,400-2500,,v1.0,1.0,True
AND001,3,Andradite,RRUFF,Raman,R040001,400-2500,,v1.0,1.0,True
AND002,3,Andradite,RRUFF,Raman,R050256,400-2500,,v1.0,1.0,True
AND003,3,Andradite,RRUFF,Raman,R050311,400-2500,,v1.0,1.0,True
AND004,3,Andradite,RRUFF,Raman,R050377,400-2500,,v1.0,1.0,True
AND005,3,Andradite,RRUFF,Raman,R060326,400-2500,,v1.0,1.0,True
AND006,3,Andradite,RRUFF,Raman,R060350,400-2500,,v1.0,1.0,True
AND007,3,Andradite,RRUFF,Raman,R060358,400-2500,,v1.0,1.0,True
AND008,3,Andradite,RRUFF,Raman,R060423,400-2500,,v1.0,1.0,True
AND009,3,Andradite,RRUFF,Raman,R060449,400-2500,,v1.0,1.0,True
AND010,3,Andradite,RRUFF,Raman,R070722,400-2500,,v1.0,1.0,True
AND011,3,Andradite,RRUFF,Raman,R100049,400-2500,,v1.0,1.0,True
AND012,3,Andradite,RRUFF,Raman,R100138,400-2500,,v1.0,1.0,True
AND013,3,Andradite,RRUFF,Raman,R120004,400-2500,,v1.0,1.0,True
AND014,3,Andradite,RRUFF,Raman,Andradite,400-2500,,v1.0,1.0,True
AND015,3,Andradite,RELAB,UNKNOWN,c1gn10a,400-2500,,v1.0,1.0,True
AND016,3,Andradite,RELAB,UNKNOWN,c1mx60,400-2500,,v1.0,1.0,True
AND017,3,Andradite,RELAB,UNKNOWN,cagn04,400-2500,,v1.0,1.0,True
AND018,3,Andradite,USGS,ASD,GDS12,400-2500,,v1.0,1.0,True
AND019,3,Andradite,USGS,ASD,HS111.3B,400-2500,,v1.0,1.0,True
AND020,3,Andradite,USGS,ASD,NMNH113829,400-2500,,v1.0,1.0,True
AND021,3,Andradite,USGS,ASD,WS474,400-2500,,v1.0,1.0,True
AND022,3,Andradite,USGS,ASD,WS487,400-2500,,v1.0,1.0,True
AND023,3,Andradite,USGS,ASD,WS488,400-2500,,v1.0,1.0,True
AND024,3,Andradite,USGS,ASD,AV00,400-2500,,v1.0,1.0,True
AND025,3,Andradite,USGS,ASD,AV01,400-2500,,v1.0,1.0,True
AND026,3,Andradite,USGS,ASD,AV05,400-2500,,v1.0,1.0,True
AND027,3,Andradite,USGS,ASD,AV06,400-2500,,v1.0,1.0,True
AND028,3,Andradite,USGS,ASD,AV09,400-2500,,v1.0,1.0,True
AND029,3,Andradite,USGS,ASD,AV10,400-2500,,v1.0,1.0,True
AND030,3,Andradite,USGS,ASD,AV11,400-2500,,v1.0,1.0,True
AND031,3,Andradite,USGS,ASD,AV12,400-2500,,v1.0,1.0,True
AND032,3,Andradite,USGS,ASD,AV13,400-2500,,v1.0,1.0,True
AND033,3,Andradite,USGS,ASD,AV14,400-2500,,v1.0,1.0,True
AND034,3,Andradite,USGS,ASD,AV95,400-2500,,v1.0,1.0,True
AND035,3,Andradite,USGS,ASD,AV96,400-2500,,v1.0,1.0,True
AND036,3,Andradite,USGS,ASD,AV97,400-2500,,v1.0,1.0,True
AND037,3,Andradite,RELAB,UNKNOWN,m1gn04,400-2500,,v1.0,1.0,True
APA001,18,Apatite,RRUFF,UNKNOWN,397s224,400-2500,,v1.0,1.0,True
APA002,18,Apatite,RRUFF,Raman,R070163,400-2500,,v1.0,1.0,True
APA003,18,Apatite,RRUFF,Raman,R060192,400-2500,,v1.0,1.0,True
APA004,18,Apatite,RRUFF,Raman,R040098,400-2500,,v1.0,1.0,True
APA005,18,Apatite,RRUFF,Raman,R050122,400-2500,,v1.0,1.0,True
APA006,18,Apatite,RRUFF,Raman,R050192,400-2500,,v1.0,1.0,True
APA007,18,Apatite,RRUFF,Raman,R050194,400-2500,,v1.0,1.0,True
APA008,18,Apatite,RRUFF,Raman,R050274,400-2500,,v1.0,1.0,True
APA009,18,Apatite,RRUFF,Raman,R050340,400-2500,,v1.0,1.0,True
APA010,18,Apatite,RRUFF,Raman,R050369,400-2500,,v1.0,1.0,True
APA011,18,Apatite,RRUFF,Raman,R050401,400-2500,,v1.0,1.0,True
APA012,18,Apatite,RRUFF,Raman,R050529,400-2500,,v1.0,1.0,True
APA013,18,Apatite,RRUFF,Raman,R050617,400-2500,,v1.0,1.0,True
APA014,18,Apatite,RRUFF,Raman,R060070,400-2500,,v1.0,1.0,True
APA015,18,Apatite,RRUFF,Raman,R060184,400-2500,,v1.0,1.0,True
APA016,18,Apatite,RRUFF,Raman,R060333,400-2500,,v1.0,1.0,True
APA017,18,Apatite,RRUFF,Raman,R060421,400-2500,,v1.0,1.0,True
APA018,18,Apatite,RRUFF,Raman,Fluorapatite,400-2500,,v1.0,1.0,True
APA019,18,Apatite,RRUFF,Raman,R050512,400-2500,,v1.0,1.0,True
APA020,18,Apatite,RRUFF,Raman,R060180,400-2500,,v1.0,1.0,True
APA021,18,Apatite,RRUFF,Raman,R100225,400-2500,,v1.0,1.0,True
APA022,18,Apatite,RRUFF,Raman,R130713,400-2500,,v1.0,1.0,True
APA023,18,Apatite,RELAB,UNKNOWN,bir1jb273a,400-2500,,v1.0,1.0,True
APA024,18,Apatite,RELAB,UNKNOWN,bir1jb273d,400-2500,,v1.0,1.0,True
APA025,18,Apatite,RELAB,UNKNOWN,bir1jb274a,400-2500,,v1.0,1.0,True
APA026,18,Apatite,RELAB,UNKNOWN,bir1jb274d,400-2500,,v1.0,1.0,True
APA027,18,Apatite,RELAB,UNKNOWN,bir1jb275a,400-2500,,v1.0,1.0,True
APA028,18,Apatite,RELAB,UNKNOWN,bir1jb275d,400-2500,,v1.0,1.0,True
APA029,18,Apatite,RELAB,UNKNOWN,bir1jb320,400-2500,,v1.0,1.0,True
APA030,18,Apatite,RELAB,UNKNOWN,bir1jb322,400-2500,,v1.0,1.0,True
APA031,18,Apatite,RELAB,UNKNOWN,bir1jb324,400-2500,,v1.0,1.0,True
APA032,18,Apatite,RELAB,UNKNOWN,bir1sr055,400-2500,,v1.0,1.0,True
APA033,18,Apatite,RELAB,UNKNOWN,bir1sr055a,400-2500,,v1.0,1.0,True
APA034,18,Apatite,RELAB,UNKNOWN,bmr1np030,400-2500,,v1.0,1.0,True
APA035,18,Apatite,RELAB,UNKNOWN,bmr1np031,400-2500,,v1.0,1.0,True
APA036,18,Apatite,RELAB,UNKNOWN,bmr1np032,400-2500,,v1.0,1.0,True
APA037,18,Apatite,RELAB,UNKNOWN,bmr1np033,400-2500,,v1.0,1.0,True
APA038,18,Apatite,RELAB,UNKNOWN,bmr1np034,400-2500,,v1.0,1.0,True
APA039,18,Apatite,RELAB,UNKNOWN,bmr1np035,400-2500,,v1.0,1.0,True
APA040,18,Apatite,RELAB,UNKNOWN,bmr1np036,400-2500,,v1.0,1.0,True
APA041,18,Apatite,RELAB,UNKNOWN,bmr1np037,400-2500,,v1.0,1.0,True
APA042,18,Apatite,RELAB,UNKNOWN,c1jb224,400-2500,,v1.0,1.0,True
APA043,18,Apatite,RELAB,UNKNOWN,c1jb273a,400-2500,,v1.0,1.0,True
APA044,18,Apatite,RELAB,UNKNOWN,c1jb273d,400-2500,,v1.0,1.0,True
APA045,18,Apatite,RELAB,UNKNOWN,c1jb274a,400-2500,,v1.0,1.0,True
APA046,18,Apatite,RELAB,UNKNOWN,c1jb274d,400-2500,,v1.0,1.0,True
APA047,18,Apatite,RELAB,UNKNOWN,c1jb275a,400-2500,,v1.0,1.0,True
APA048,18,Apatite,RELAB,UNKNOWN,c1jb275d,400-2500,,v1.0,1.0,True
APA049,18,Apatite,RELAB,UNKNOWN,c1jb320,400-2500,,v1.0,1.0,True
APA050,18,Apatite,RELAB,UNKNOWN,c1jb321,400-2500,,v1.0,1.0,True
APA051,18,Apatite,RELAB,UNKNOWN,c1jb322,400-2500,,v1.0,1.0,True
APA052,18,Apatite,RELAB,UNKNOWN,c1jb324,400-2500,,v1.0,1.0,True
APA053,18,Apatite,RELAB,UNKNOWN,c1sg05,400-2500,,v1.0,1.0,True
APA054,18,Apatite,RELAB,UNKNOWN,c1sr55,400-2500,,v1.0,1.0,True
APA055,18,Apatite,RELAB,UNKNOWN,c1sr55a,400-2500,,v1.0,1.0,True
APA056,18,Apatite,RELAB,UNKNOWN,c2jb320,400-2500,,v1.0,1.0,True
APA057,18,Apatite,RELAB,UNKNOWN,c2jb322,400-2500,,v1.0,1.0,True
APA058,18,Apatite,RELAB,UNKNOWN,came02,400-2500,,v1.0,1.0,True
AUG001,8,Augite,RELAB,UNKNOWN,bir1dd003,400-2500,,v1.0,1.0,True
AUG002,8,Augite,RELAB,UNKNOWN,bir2dd003,400-2500,,v1.0,1.0,True
AUG003,8,Augite,RELAB,UNKNOWN,bir2dd018,400-2500,,v1.0,1.0,True
AUG004,8,Augite,RELAB,UNKNOWN,bmr1ck006,400-2500,,v1.0,1.0,True
AUG005,8,Augite,RELAB,UNKNOWN,bmr1ck022,400-2500,,v1.0,1.0,True
AUG006,8,Augite,RELAB,UNKNOWN,bmr1ck023,400-2500,,v1.0,1.0,True
AUG007,8,Augite,RELAB,UNKNOWN,bmr1ck024,400-2500,,v1.0,1.0,True
AUG008,8,Augite,RELAB,UNKNOWN,bmr1ck025,400-2500,,v1.0,1.0,True
AUG009,8,Augite,RELAB,UNKNOWN,bmr1ck026,400-2500,,v1.0,1.0,True
AUG010,8,Augite,RELAB,UNKNOWN,bmr1ck027,400-2500,,v1.0,1.0,True
AUG011,8,Augite,RELAB,UNKNOWN,bmr1ck028,400-2500,,v1.0,1.0,True
AUG012,8,Augite,RELAB,UNKNOWN,bmr1cp001a,400-2500,,v1.0,1.0,True
AUG013,8,Augite,RELAB,UNKNOWN,bmr1cp001b,400-2500,,v1.0,1.0,True
AUG014,8,Augite,RELAB,UNKNOWN,bmr1cp001c,400-2500,,v1.0,1.0,True
AUG015,8,Augite,RELAB,UNKNOWN,bmr1cp001d,400-2500,,v1.0,1.0,True
AUG016,8,Augite,RELAB,UNKNOWN,bmr1cp001e,400-2500,,v1.0,1.0,True
AUG017,8,Augite,RELAB,UNKNOWN,bmr1cp001f,400-2500,,v1.0,1.0,True
AUG018,8,Augite,RELAB,UNKNOWN,bmr1dh004,400-2500,,v1.0,1.0,True
AUG019,8,Augite,RELAB,UNKNOWN,c1ag10,400-2500,,v1.0,1.0,True
AUG020,8,Augite,RELAB,UNKNOWN,c1ag12,400-2500,,v1.0,1.0,True
AUG021,8,Augite,RELAB,UNKNOWN,c1ag13,400-2500,,v1.0,1.0,True
AUG022,8,Augite,RELAB,UNKNOWN,c1ag15,400-2500,,v1.0,1.0,True
AUG023,8,Augite,RELAB,UNKNOWN,c1ag16,400-2500,,v1.0,1.0,True
AUG024,8,Augite,RELAB,UNKNOWN,c1ag21,400-2500,,v1.0,1.0,True
AUG025,8,Augite,RELAB,UNKNOWN,c1ag22,400-2500,,v1.0,1.0,True
AUG026,8,Augite,RELAB,UNKNOWN,c1ag23,400-2500,,v1.0,1.0,True
AUG027,8,Augite,RELAB,UNKNOWN,c1ag24,400-2500,,v1.0,1.0,True
AUG028,8,Augite,RELAB,UNKNOWN,c1ag25,400-2500,,v1.0,1.0,True
AUG029,8,Augite,RELAB,UNKNOWN,c1ag26,400-2500,,v1.0,1.0,True
AUG030,8,Augite,RELAB,UNKNOWN,c1ag27,400-2500,,v1.0,1.0,True
AUG031,8,Augite,RELAB,UNKNOWN,c1ag28,400-2500,,v1.0,1.0,True
AUG032,8,Augite,RELAB,UNKNOWN,c1ag29,400-2500,,v1.0,1.0,True
AUG033,8,Augite,RELAB,UNKNOWN,c1ag30,400-2500,,v1.0,1.0,True
AUG034,8,Augite,RELAB,UNKNOWN,c1ag31,400-2500,,v1.0,1.0,True
AUG035,8,Augite,RELAB,UNKNOWN,c1ag32,400-2500,,v1.0,1.0,True
AUG036,8,Augite,RELAB,UNKNOWN,c1ag33,400-2500,,v1.0,1.0,True
AUG037,8,Augite,RELAB,UNKNOWN,c1ag34,400-2500,,v1.0,1.0,True
AUG038,8,Augite,RELAB,UNKNOWN,c1ag35,400-2500,,v1.0,1.0,True
AUG039,8,Augite,RELAB,UNKNOWN,c1ag36,400-2500,,v1.0,1.0,True
AUG040,8,Augite,RELAB,UNKNOWN,c1ag37,400-2500,,v1.0,1.0,True
AUG041,8,Augite,RELAB,UNKNOWN,c1ag38,400-2500,,v1.0,1.0,True
AUG042,8,Augite,RELAB,UNKNOWN,c1ag39,400-2500,,v1.0,1.0,True
AUG043,8,Augite,RELAB,UNKNOWN,c1ag40,400-2500,,v1.0,1.0,True
AUG044,8,Augite,RELAB,UNKNOWN,c1ag41,400-2500,,v1.0,1.0,True
AUG045,8,Augite,RELAB,UNKNOWN,c1ag42,400-2500,,v1.0,1.0,True
AUG046,8,Augite,RELAB,UNKNOWN,c1ag43,400-2500,,v1.0,1.0,True
AUG047,8,Augite,RELAB,UNKNOWN,c1ag44,400-2500,,v1.0,1.0,True
AUG048,8,Augite,RELAB,UNKNOWN,c1ag45,400-2500,,v1.0,1.0,True
AUG049,8,Augite,RELAB,UNKNOWN,c1ag46,400-2500,,v1.0,1.0,True
AUG050,8,Augite,RELAB,UNKNOWN,c1ag47,400-2500,,v1.0,1.0,True
AUG051,8,Augite,RELAB,UNKNOWN,c1ag48,400-2500,,v1.0,1.0,True
AUG052,8,Augite,RELAB,UNKNOWN,c1ag49,400-2500,,v1.0,1.0,True
AUG053,8,Augite,RELAB,UNKNOWN,c1ag50,400-2500,,v1.0,1.0,True
AUG054,8,Augite,RELAB,UNKNOWN,c1ag51,400-2500,,v1.0,1.0,True
AUG055,8,Augite,RELAB,UNKNOWN,c1ck06,400-2500,,v1.0,1.0,True
AUG056,8,Augite,RELAB,UNKNOWN,c1ck22,400-2500,,v1.0,1.0,True
AUG057,8,Augite,RELAB,UNKNOWN,c1ck23,400-2500,,v1.0,1.0,True
AUG058,8,Augite,RELAB,UNKNOWN,c1ck24,400-2500,,v1.0,1.0,True
AUG059,8,Augite,RELAB,UNKNOWN,c1ck25,400-2500,,v1.0,1.0,True
AUG060,8,Augite,RELAB,UNKNOWN,c1ck26,400-2500,,v1.0,1.0,True
AUG061,8,Augite,RELAB,UNKNOWN,c1ck27,400-2500,,v1.0,1.0,True
AUG062,8,Augite,RELAB,UNKNOWN,c1ck28,400-2500,,v1.0,1.0,True
AUG063,8,Augite,RELAB,UNKNOWN,c1ck37,400-2500,,v1.0,1.0,True
AUG064,8,Augite,RELAB,UNKNOWN,c1ck38,400-2500,,v1.0,1.0,True
AUG065,8,Augite,RELAB,UNKNOWN,c1ck39,400-2500,,v1.0,1.0,True
AUG066,8,Augite,RELAB,UNKNOWN,c1ck40,400-2500,,v1.0,1.0,True
AUG067,8,Augite,RELAB,UNKNOWN,c1ck41,400-2500,,v1.0,1.0,True
AUG068,8,Augite,RELAB,UNKNOWN,c1ck42,400-2500,,v1.0,1.0,True
AUG069,8,Augite,RELAB,UNKNOWN,c1ck43,400-2500,,v1.0,1.0,True
AUG070,8,Augite,RELAB,UNKNOWN,c1ck51,400-2500,,v1.0,1.0,True
AUG071,8,Augite,RELAB,UNKNOWN,c1ck52,400-2500,,v1.0,1.0,True
AUG072,8,Augite,RELAB,UNKNOWN,c1ck53,400-2500,,v1.0,1.0,True
AUG073,8,Augite,RELAB,UNKNOWN,c1ck54,400-2500,,v1.0,1.0,True
AUG074,8,Augite,RELAB,UNKNOWN,c1ck55,400-2500,,v1.0,1.0,True
AUG075,8,Augite,RELAB,UNKNOWN,c1ck56,400-2500,,v1.0,1.0,True
AUG076,8,Augite,RELAB,UNKNOWN,c1ck57,400-2500,,v1.0,1.0,True
AUG077,8,Augite,RELAB,UNKNOWN,c1cp01a,400-2500,,v1.0,1.0,True
AUG078,8,Augite,RELAB,UNKNOWN,c1cp01b,400-2500,,v1.0,1.0,True
AUG079,8,Augite,RELAB,UNKNOWN,c1cp01c,400-2500,,v1.0,1.0,True
AUG080,8,Augite,RELAB,UNKNOWN,c1cp01d,400-2500,,v1.0,1.0,True
AUG081,8,Augite,RELAB,UNKNOWN,c1cp01e,400-2500,,v1.0,1.0,True
AUG082,8,Augite,RELAB,UNKNOWN,c1cp01f,400-2500,,v1.0,1.0,True
AUG083,8,Augite,RELAB,UNKNOWN,c1dd03,400-2500,,v1.0,1.0,True
AUG084,8,Augite,RELAB,UNKNOWN,c1dd18,400-2500,,v1.0,1.0,True
AUG085,8,Augite,RELAB,UNKNOWN,c1dh04,400-2500,,v1.0,1.0,True
AUG086,8,Augite,RELAB,UNKNOWN,c1er01,400-2500,,v1.0,1.0,True
AUG087,8,Augite,RELAB,UNKNOWN,c1er01p,400-2500,,v1.0,1.0,True
AUG088,8,Augite,RELAB,UNKNOWN,c1er02,400-2500,,v1.0,1.0,True
AUG089,8,Augite,RELAB,UNKNOWN,c1er02p,400-2500,,v1.0,1.0,True
AUG090,8,Augite,RELAB,UNKNOWN,c1er03,400-2500,,v1.0,1.0,True
AUG091,8,Augite,RELAB,UNKNOWN,c1er03p,400-2500,,v1.0,1.0,True
AUG092,8,Augite,RELAB,UNKNOWN,c1er04,400-2500,,v1.0,1.0,True
AUG093,8,Augite,RELAB,UNKNOWN,c1er04p,400-2500,,v1.0,1.0,True
AUG094,8,Augite,RELAB,UNKNOWN,c1er05,400-2500,,v1.0,1.0,True
AUG095,8,Augite,RELAB,UNKNOWN,c1er05p,400-2500,,v1.0,1.0,True
AUG096,8,Augite,RELAB,UNKNOWN,c1er06,400-2500,,v1.0,1.0,True
AUG097,8,Augite,RELAB,UNKNOWN,c1er06p,400-2500,,v1.0,1.0,True
AUG098,8,Augite,RELAB,UNKNOWN,c1er07,400-2500,,v1.0,1.0,True
AUG099,8,Augite,RELAB,UNKNOWN,c1er07p,400-2500,,v1.0,1.0,True
AUG100,8,Augite,RELAB,UNKNOWN,c1er08,400-2500,,v1.0,1.0,True
BER001,13,Beryl,RRUFF,Raman,R040002,400-2500,,v1.0,1.0,True
BER002,13,Beryl,RRUFF,Raman,R050065,400-2500,,v1.0,1.0,True
BER003,13,Beryl,RRUFF,Raman,R050120,400-2500,,v1.0,1.0,True
BER004,13,Beryl,RRUFF,Raman,R050121,400-2500,,v1.0,1.0,True
BER005,13,Beryl,RRUFF,Raman,R050305,400-2500,,v1.0,1.0,True
BER006,13,Beryl,RRUFF,Raman,R050347,400-2500,,v1.0,1.0,True
BER007,13,Beryl,RRUFF,Raman,R050368,400-2500,,v1.0,1.0,True
BER008,13,Beryl,RRUFF,Raman,R060942,400-2500,,v1.0,1.0,True
BER009,13,Beryl,RRUFF,Raman,R060943,400-2500,,v1.0,1.0,True
BER010,13,Beryl,RRUFF,Raman,R060944,400-2500,,v1.0,1.0,True
BER011,13,Beryl,RRUFF,Raman,R110100,400-2500,,v1.0,1.0,True
BER012,13,Beryl,RRUFF,Raman,R110118,400-2500,,v1.0,1.0,True
BER013,13,Beryl,RRUFF,Raman,Beryl,400-2500,,v1.0,1.0,True
BER014,13,Beryl,RRUFF,Raman,R060299,400-2500,,v1.0,1.0,True
BER015,13,Beryl,RRUFF,Raman,R060552,400-2500,,v1.0,1.0,True
BER016,13,Beryl,RRUFF,Raman,R070249,400-2500,,v1.0,1.0,True
BER017,13,Beryl,RRUFF,Raman,R100219,400-2500,,v1.0,1.0,True
BER018,13,Beryl,RRUFF,Raman,R040073,400-2500,,v1.0,1.0,True
BER019,13,Beryl,RRUFF,Raman,R080110,400-2500,,v1.0,1.0,True
BER020,13,Beryl,RRUFF,Raman,R100130,400-2500,,v1.0,1.0,True
BER021,13,Beryl,RRUFF,Raman,R110103,400-2500,,v1.0,1.0,True
BER022,13,Beryl,RRUFF,Raman,R110114,400-2500,,v1.0,1.0,True
BER023,13,Beryl,RRUFF,Raman,Chrysoberyl,400-2500,,v1.0,1.0,True
BER024,13,Beryl,RELAB,UNKNOWN,c1ss10,400-2500,,v1.0,1.0,True
BER025,13,Beryl,USGS,ASD,GDS9,400-2500,,v1.0,1.0,True
BER026,13,Beryl,USGS,ASD,HS180.3B,400-2500,,v1.0,1.0,True
BER027,13,Beryl,USGS,ASD,AV00,400-2500,,v1.0,1.0,True
BER028,13,Beryl,USGS,ASD,AV01,400-2500,,v1.0,1.0,True
BER029,13,Beryl,USGS,ASD,AV05,400-2500,,v1.0,1.0,True
BER030,13,Beryl,USGS,ASD,AV06,400-2500,,v1.0,1.0,True
BER031,13,Beryl,USGS,ASD,AV09,400-2500,,v1.0,1.0,True
BER032,13,Beryl,USGS,ASD,AV10,400-2500,,v1.0,1.0,True
BER033,13,Beryl,USGS,ASD,AV11,400-2500,,v1.0,1.0,True
BER034,13,Beryl,USGS,ASD,AV12,400-2500,,v1.0,1.0,True
BER035,13,Beryl,USGS,ASD,AV13,400-2500,,v1.0,1.0,True
BER036,13,Beryl,USGS,ASD,AV14,400-2500,,v1.0,1.0,True
BER037,13,Beryl,USGS,ASD,AV95,400-2500,,v1.0,1.0,True
BER038,13,Beryl,USGS,ASD,AV96,400-2500,,v1.0,1.0,True
BER039,13,Beryl,USGS,ASD,AV97,400-2500,,v1.0,1.0,True
BER040,13,Beryl,USGS,ASD,AV98,400-2500,,v1.0,1.0,True
BER041,13,Beryl,USGS,ASD,AV99,400-2500,,v1.0,1.0,True
BER042,13,Beryl,USGS,ASD,HY07,400-2500,,v1.0,1.0,True
BER043,13,Beryl,USGS,ASD,HY14,400-2500,,v1.0,1.0,True
BER044,13,Beryl,USGS,ASD,M3t,400-2500,,v1.0,1.0,True
BER045,13,Beryl,RELAB,UNKNOWN,n1ss10,400-2500,,v1.0,1.0,True
BER046,13,Beryl,USGS,ASD,HS180.1B,400-2500,,v1.0,1.0,True
BER047,13,Beryl,USGS,ASD,HS180.2B,400-2500,,v1.0,1.0,True
BER048,13,Beryl,USGS,ASD,HS180.4B,400-2500,,v1.0,1.0,True
BER049,13,Beryl,USGS,ASD,HS180.6,400-2500,,v1.0,1.0,True
CAL001,19,Calcite,RRUFF,UNKNOWN,1101f549,400-2500,,v1.0,1.0,True
CAL002,19,Calcite,RRUFF,UNKNOWN,1101f550,400-2500,,v1.0,1.0,True
CAL003,19,Calcite,RRUFF,UNKNOWN,1101s549,400-2500,,v1.0,1.0,True
CAL004,19,Calcite,RRUFF,UNKNOWN,1101s550,400-2500,,v1.0,1.0,True
CAL005,19,Calcite,RRUFF,UNKNOWN,1101s551,400-2500,,v1.0,1.0,True
CAL006,19,Calcite,RRUFF,UNKNOWN,1101s552,400-2500,,v1.0,1.0,True
CAL007,19,Calcite,RRUFF,UNKNOWN,1101s553,400-2500,,v1.0,1.0,True
CAL008,19,Calcite,RRUFF,UNKNOWN,1101s554,400-2500,,v1.0,1.0,True
CAL009,19,Calcite,RRUFF,UNKNOWN,1101s555,400-2500,,v1.0,1.0,True
CAL010,19,Calcite,RELAB,UNKNOWN,bir1cb063a,400-2500,,v1.0,1.0,True
CAL011,19,Calcite,RELAB,UNKNOWN,bir1cb064a,400-2500,,v1.0,1.0,True
CAL012,19,Calcite,RELAB,UNKNOWN,bir1cb065a,400-2500,,v1.0,1.0,True
CAL013,19,Calcite,RELAB,UNKNOWN,bir1cb077a,400-2500,,v1.0,1.0,True
CAL014,19,Calcite,RELAB,UNKNOWN,bir1cb078a,400-2500,,v1.0,1.0,True
CAL015,19,Calcite,RELAB,UNKNOWN,bir1jb549,400-2500,,v1.0,1.0,True
CAL016,19,Calcite,RELAB,UNKNOWN,bir1jb550,400-2500,,v1.0,1.0,True
CAL017,19,Calcite,RELAB,UNKNOWN,bir1jb825,400-2500,,v1.0,1.0,True
CAL018,19,Calcite,RELAB,UNKNOWN,bir1jb826,400-2500,,v1.0,1.0,True
CAL019,19,Calcite,RELAB,UNKNOWN,bir1jb827,400-2500,,v1.0,1.0,True
CAL020,19,Calcite,RELAB,UNKNOWN,bir1jbe57a,400-2500,,v1.0,1.0,True
CAL021,19,Calcite,RELAB,UNKNOWN,bir1jbe57b,400-2500,,v1.0,1.0,True
CAL022,19,Calcite,RELAB,UNKNOWN,bir1jbe57c,400-2500,,v1.0,1.0,True
CAL023,19,Calcite,RELAB,UNKNOWN,bir1jbe57d,400-2500,,v1.0,1.0,True
CAL024,19,Calcite,RELAB,UNKNOWN,bir1jbe57e,400-2500,,v1.0,1.0,True
CAL025,19,Calcite,RELAB,UNKNOWN,bir1jbe57f,400-2500,,v1.0,1.0,True
CAL026,19,Calcite,RELAB,UNKNOWN,bir1jbe58a,400-2500,,v1.0,1.0,True
CAL027,19,Calcite,RELAB,UNKNOWN,bir1jbe58b,400-2500,,v1.0,1.0,True
CAL028,19,Calcite,RELAB,UNKNOWN,bir1jbe58c,400-2500,,v1.0,1.0,True
CAL029,19,Calcite,RELAB,UNKNOWN,bir1jbe58d,400-2500,,v1.0,1.0,True
CAL030,19,Calcite,RELAB,UNKNOWN,bir1jbe58e,400-2500,,v1.0,1.0,True
CAL031,19,Calcite,RELAB,UNKNOWN,bir1jbe58f,400-2500,,v1.0,1.0,True
CAL032,19,Calcite,RELAB,UNKNOWN,bir2cb099,400-2500,,v1.0,1.0,True
CAL033,19,Calcite,RELAB,UNKNOWN,bkr1jb549,400-2500,,v1.0,1.0,True
CAL034,19,Calcite,RELAB,UNKNOWN,bkr1jb550,400-2500,,v1.0,1.0,True
CAL035,19,Calcite,RELAB,UNKNOWN,bnr1cb099,400-2500,,v1.0,1.0,True
CAL036,19,Calcite,RELAB,UNKNOWN,c1cy05,400-2500,,v1.0,1.0,True
CAL037,19,Calcite,RELAB,UNKNOWN,c1fb13,400-2500,,v1.0,1.0,True
CAL038,19,Calcite,RELAB,UNKNOWN,c1gr01,400-2500,,v1.0,1.0,True
CAL039,19,Calcite,RELAB,UNKNOWN,c1hm01,400-2500,,v1.0,1.0,True
CAL040,19,Calcite,RELAB,UNKNOWN,c1hm02,400-2500,,v1.0,1.0,True
CAL041,19,Calcite,RELAB,UNKNOWN,c1jb290,400-2500,,v1.0,1.0,True
CAL042,19,Calcite,RELAB,UNKNOWN,c1jb825,400-2500,,v1.0,1.0,True
CAL043,19,Calcite,RELAB,UNKNOWN,c1jb826,400-2500,,v1.0,1.0,True
CAL044,19,Calcite,RELAB,UNKNOWN,c1jb827,400-2500,,v1.0,1.0,True
CAL045,19,Calcite,RELAB,UNKNOWN,c1jbe57a,400-2500,,v1.0,1.0,True
CAL046,19,Calcite,RELAB,UNKNOWN,c1jbe57b,400-2500,,v1.0,1.0,True
CAL047,19,Calcite,RELAB,UNKNOWN,c1jbe57c,400-2500,,v1.0,1.0,True
CAL048,19,Calcite,RELAB,UNKNOWN,c1jbe57d,400-2500,,v1.0,1.0,True
CAL049,19,Calcite,RELAB,UNKNOWN,c1jbe57e,400-2500,,v1.0,1.0,True
CAL050,19,Calcite,RELAB,UNKNOWN,c1jbe57f,400-2500,,v1.0,1.0,True
CAL051,19,Calcite,RELAB,UNKNOWN,c1jbe58a,400-2500,,v1.0,1.0,True
CAL052,19,Calcite,RELAB,UNKNOWN,c1jbe58b,400-2500,,v1.0,1.0,True
CAL053,19,Calcite,RELAB,UNKNOWN,c1jbe58c,400-2500,,v1.0,1.0,True
CAL054,19,Calcite,RELAB,UNKNOWN,c1jbe58d,400-2500,,v1.0,1.0,True
CAL055,19,Calcite,RELAB,UNKNOWN,c1jbe58e,400-2500,,v1.0,1.0,True
CAL056,19,Calcite,RELAB,UNKNOWN,c1jbe58f,400-2500,,v1.0,1.0,True
CAL057,19,Calcite,RELAB,UNKNOWN,c1jt102,400-2500,,v1.0,1.0,True
CAL058,19,Calcite,RELAB,UNKNOWN,c1jt103,400-2500,,v1.0,1.0,True
CAL059,19,Calcite,RELAB,UNKNOWN,c1jt104,400-2500,,v1.0,1.0,True
CAL060,19,Calcite,RELAB,UNKNOWN,c1jt105,400-2500,,v1.0,1.0,True
CAL061,19,Calcite,RELAB,UNKNOWN,c2fb13,400-2500,,v1.0,1.0,True
CAL062,19,Calcite,RELAB,UNKNOWN,c2jb290,400-2500,,v1.0,1.0,True
CAL063,19,Calcite,RELAB,UNKNOWN,c2jb539,400-2500,,v1.0,1.0,True
CAL064,19,Calcite,RELAB,UNKNOWN,c2jb549,400-2500,,v1.0,1.0,True
CAL065,19,Calcite,RELAB,UNKNOWN,c2jb550,400-2500,,v1.0,1.0,True
CAL066,19,Calcite,RELAB,UNKNOWN,c2jb552,400-2500,,v1.0,1.0,True
CAL067,19,Calcite,RELAB,UNKNOWN,c2jb554,400-2500,,v1.0,1.0,True
CAL068,19,Calcite,RELAB,UNKNOWN,c2jt105,400-2500,,v1.0,1.0,True
CAL069,19,Calcite,RELAB,UNKNOWN,caca10,400-2500,,v1.0,1.0,True
CAL070,19,Calcite,RELAB,UNKNOWN,cacb09,400-2500,,v1.0,1.0,True
CAL071,19,Calcite,RELAB,UNKNOWN,cacb10,400-2500,,v1.0,1.0,True
CAL072,19,Calcite,RELAB,UNKNOWN,cacb11,400-2500,,v1.0,1.0,True
CAL073,19,Calcite,RELAB,UNKNOWN,cacb12,400-2500,,v1.0,1.0,True
CAL074,19,Calcite,RELAB,UNKNOWN,cacb13,400-2500,,v1.0,1.0,True
CAL075,19,Calcite,RELAB,UNKNOWN,cacb63,400-2500,,v1.0,1.0,True
CAL076,19,Calcite,RELAB,UNKNOWN,cacb64,400-2500,,v1.0,1.0,True
CAL077,19,Calcite,RELAB,UNKNOWN,cacb65,400-2500,,v1.0,1.0,True
CAL078,19,Calcite,RELAB,UNKNOWN,cacb77,400-2500,,v1.0,1.0,True
CAL079,19,Calcite,RELAB,UNKNOWN,cacb78,400-2500,,v1.0,1.0,True
CAL080,19,Calcite,RELAB,UNKNOWN,caec04,400-2500,,v1.0,1.0,True
CAL081,19,Calcite,RELAB,UNKNOWN,cbcb09,400-2500,,v1.0,1.0,True
CAL082,19,Calcite,RELAB,UNKNOWN,cbcb12,400-2500,,v1.0,1.0,True
CAL083,19,Calcite,RELAB,UNKNOWN,cbcb13,400-2500,,v1.0,1.0,True
CAL084,19,Calcite,RELAB,UNKNOWN,kacb09a,400-2500,,v1.0,1.0,True
CAL085,19,Calcite,RELAB,UNKNOWN,kacb09b,400-2500,,v1.0,1.0,True
CAL086,19,Calcite,RELAB,UNKNOWN,kacb10a,400-2500,,v1.0,1.0,True
CAL087,19,Calcite,RELAB,UNKNOWN,kacb11a,400-2500,,v1.0,1.0,True
CAL088,19,Calcite,RELAB,UNKNOWN,kacb12a,400-2500,,v1.0,1.0,True
CAL089,19,Calcite,RELAB,UNKNOWN,kacb12b,400-2500,,v1.0,1.0,True
CAL090,19,Calcite,RELAB,UNKNOWN,kacb13a,400-2500,,v1.0,1.0,True
CAL091,19,Calcite,RELAB,UNKNOWN,kacb13b,400-2500,,v1.0,1.0,True
CAL092,19,Calcite,RELAB,UNKNOWN,loff549,400-2500,,v1.0,1.0,True
CAL093,19,Calcite,RELAB,UNKNOWN,loff550,400-2500,,v1.0,1.0,True
CAL094,19,Calcite,RELAB,UNKNOWN,m1ca10,400-2500,,v1.0,1.0,True
CAL095,19,Calcite,RELAB,UNKNOWN,nagr01,400-2500,,v1.0,1.0,True
CAL096,19,Calcite,RELAB,UNKNOWN,off549,400-2500,,v1.0,1.0,True
CAL097,19,Calcite,RELAB,UNKNOWN,off550,400-2500,,v1.0,1.0,True
CAL098,19,Calcite,RELAB,UNKNOWN,off552,400-2500,,v1.0,1.0,True
CAL099,19,Calcite,RELAB,UNKNOWN,off554,400-2500,,v1.0,1.0,True
DIO001,7,Diopside,RRUFF,UNKNOWN,397s235,400-2500,,v1.0,1.0,True
DIO002,7,Diopside,RELAB,UNKNOWN,bir1dd070,400-2500,,v1.0,1.0,True
DIO003,7,Diopside,RELAB,UNKNOWN,bir1dd071,400-2500,,v1.0,1.0,True
DIO004,7,Diopside,RELAB,UNKNOWN,bir1dd072,400-2500,,v1.0,1.0,True
DIO005,7,Diopside,RELAB,UNKNOWN,bir1dd073,400-2500,,v1.0,1.0,True
DIO006,7,Diopside,RELAB,UNKNOWN,bir1dd074,400-2500,,v1.0,1.0,True
DIO007,7,Diopside,RELAB,UNKNOWN,bir1dd152,400-2500,,v1.0,1.0,True
DIO008,7,Diopside,RELAB,UNKNOWN,bir1mx098c,400-2500,,v1.0,1.0,True
DIO009,7,Diopside,RELAB,UNKNOWN,bir1mx099c,400-2500,,v1.0,1.0,True
DIO010,7,Diopside,RELAB,UNKNOWN,bir1mx100c,400-2500,,v1.0,1.0,True
DIO011,7,Diopside,RELAB,UNKNOWN,bir1mx101c,400-2500,,v1.0,1.0,True
DIO012,7,Diopside,RELAB,UNKNOWN,bir1mx102c,400-2500,,v1.0,1.0,True
DIO013,7,Diopside,RELAB,UNKNOWN,bir1mx103c,400-2500,,v1.0,1.0,True
DIO014,7,Diopside,RELAB,UNKNOWN,bir1mx104c,400-2500,,v1.0,1.0,True
DIO015,7,Diopside,RELAB,UNKNOWN,bir1pd010,400-2500,,v1.0,1.0,True
DIO016,7,Diopside,RELAB,UNKNOWN,bir1pd010c,400-2500,,v1.0,1.0,True
DIO017,7,Diopside,RELAB,UNKNOWN,bir1pd011,400-2500,,v1.0,1.0,True
DIO018,7,Diopside,RELAB,UNKNOWN,bmr1ck007,400-2500,,v1.0,1.0,True
DIO019,7,Diopside,RELAB,UNKNOWN,bmr1ck030,400-2500,,v1.0,1.0,True
DIO020,7,Diopside,RELAB,UNKNOWN,bmr1ck031,400-2500,,v1.0,1.0,True
DIO021,7,Diopside,RELAB,UNKNOWN,bmr1ck032,400-2500,,v1.0,1.0,True
DIO022,7,Diopside,RELAB,UNKNOWN,bmr1ck033,400-2500,,v1.0,1.0,True
DIO023,7,Diopside,RELAB,UNKNOWN,bmr1ck034,400-2500,,v1.0,1.0,True
DIO024,7,Diopside,RELAB,UNKNOWN,bmr1ck035,400-2500,,v1.0,1.0,True
DIO025,7,Diopside,RELAB,UNKNOWN,bmr1ck036,400-2500,,v1.0,1.0,True
DIO026,7,Diopside,RELAB,UNKNOWN,c1ck07,400-2500,,v1.0,1.0,True
DIO027,7,Diopside,RELAB,UNKNOWN,c1ck30,400-2500,,v1.0,1.0,True
DIO028,7,Diopside,RELAB,UNKNOWN,c1ck31,400-2500,,v1.0,1.0,True
DIO029,7,Diopside,RELAB,UNKNOWN,c1ck32,400-2500,,v1.0,1.0,True
DIO030,7,Diopside,RELAB,UNKNOWN,c1ck33,400-2500,,v1.0,1.0,True
DIO031,7,Diopside,RELAB,UNKNOWN,c1ck34,400-2500,,v1.0,1.0,True
DIO032,7,Diopside,RELAB,UNKNOWN,c1ck35,400-2500,,v1.0,1.0,True
DIO033,7,Diopside,RELAB,UNKNOWN,c1ck36,400-2500,,v1.0,1.0,True
DIO034,7,Diopside,RELAB,UNKNOWN,c1ck44,400-2500,,v1.0,1.0,True
DIO035,7,Diopside,RELAB,UNKNOWN,c1ck45,400-2500,,v1.0,1.0,True
DIO036,7,Diopside,RELAB,UNKNOWN,c1ck46,400-2500,,v1.0,1.0,True
DIO037,7,Diopside,RELAB,UNKNOWN,c1ck47,400-2500,,v1.0,1.0,True
DIO038,7,Diopside,RELAB,UNKNOWN,c1ck48,400-2500,,v1.0,1.0,True
DIO039,7,Diopside,RELAB,UNKNOWN,c1ck49,400-2500,,v1.0,1.0,True
DIO040,7,Diopside,RELAB,UNKNOWN,c1ck50,400-2500,,v1.0,1.0,True
DIO041,7,Diopside,RELAB,UNKNOWN,c1ck51,400-2500,,v1.0,1.0,True
DIO042,7,Diopside,RELAB,UNKNOWN,c1ck52,400-2500,,v1.0,1.0,True
DIO043,7,Diopside,RELAB,UNKNOWN,c1ck53,400-2500,,v1.0,1.0,True
DIO044,7,Diopside,RELAB,UNKNOWN,c1ck54,400-2500,,v1.0,1.0,True
DIO045,7,Diopside,RELAB,UNKNOWN,c1ck55,400-2500,,v1.0,1.0,True
DIO046,7,Diopside,RELAB,UNKNOWN,c1ck56,400-2500,,v1.0,1.0,True
DIO047,7,Diopside,RELAB,UNKNOWN,c1ck57,400-2500,,v1.0,1.0,True
DIO048,7,Diopside,RELAB,UNKNOWN,c1dd152,400-2500,,v1.0,1.0,True
DIO049,7,Diopside,RELAB,UNKNOWN,c1dd70,400-2500,,v1.0,1.0,True
DIO050,7,Diopside,RELAB,UNKNOWN,c1dd71,400-2500,,v1.0,1.0,True
DIO051,7,Diopside,RELAB,UNKNOWN,c1dd72,400-2500,,v1.0,1.0,True
DIO052,7,Diopside,RELAB,UNKNOWN,c1dd73,400-2500,,v1.0,1.0,True
DIO053,7,Diopside,RELAB,UNKNOWN,c1dd74,400-2500,,v1.0,1.0,True
DIO054,7,Diopside,RELAB,UNKNOWN,c1fb0313cp,400-2500,,v1.0,1.0,True
DIO055,7,Diopside,RELAB,UNKNOWN,c1jb235,400-2500,,v1.0,1.0,True
DIO056,7,Diopside,RELAB,UNKNOWN,c1mx100c2,400-2500,,v1.0,1.0,True
DIO057,7,Diopside,RELAB,UNKNOWN,c1mx101c2,400-2500,,v1.0,1.0,True
DIO058,7,Diopside,RELAB,UNKNOWN,c1mx102c2,400-2500,,v1.0,1.0,True
DIO059,7,Diopside,RELAB,UNKNOWN,c1mx103c2,400-2500,,v1.0,1.0,True
DIO060,7,Diopside,RELAB,UNKNOWN,c1mx104c2,400-2500,,v1.0,1.0,True
DIO061,7,Diopside,RELAB,UNKNOWN,c1mx98c2,400-2500,,v1.0,1.0,True
DIO062,7,Diopside,RELAB,UNKNOWN,c1mx99c2,400-2500,,v1.0,1.0,True
DIO063,7,Diopside,RELAB,UNKNOWN,c1pd01,400-2500,,v1.0,1.0,True
DIO064,7,Diopside,RELAB,UNKNOWN,c1pd06,400-2500,,v1.0,1.0,True
DIO065,7,Diopside,RELAB,UNKNOWN,c1pd07,400-2500,,v1.0,1.0,True
DIO066,7,Diopside,RELAB,UNKNOWN,c1pd08,400-2500,,v1.0,1.0,True
DIO067,7,Diopside,RELAB,UNKNOWN,c1pd09,400-2500,,v1.0,1.0,True
DIO068,7,Diopside,RELAB,UNKNOWN,c1pd10c2,400-2500,,v1.0,1.0,True
DIO069,7,Diopside,RELAB,UNKNOWN,c1po52,400-2500,,v1.0,1.0,True
DIO070,7,Diopside,RELAB,UNKNOWN,c1pp20,400-2500,,v1.0,1.0,True
DIO071,7,Diopside,RELAB,UNKNOWN,c1pp21,400-2500,,v1.0,1.0,True
DIO072,7,Diopside,RELAB,UNKNOWN,c1pp22,400-2500,,v1.0,1.0,True
DIO073,7,Diopside,RELAB,UNKNOWN,c1pp23,400-2500,,v1.0,1.0,True
DIO074,7,Diopside,RELAB,UNKNOWN,c1pp24,400-2500,,v1.0,1.0,True
DIO075,7,Diopside,RELAB,UNKNOWN,c1pp25,400-2500,,v1.0,1.0,True
DIO076,7,Diopside,RELAB,UNKNOWN,c1pp26,400-2500,,v1.0,1.0,True
DIO077,7,Diopside,RELAB,UNKNOWN,c2pd01,400-2500,,v1.0,1.0,True
DIO078,7,Diopside,RELAB,UNKNOWN,c2pp27,400-2500,,v1.0,1.0,True
DIO079,7,Diopside,RELAB,UNKNOWN,c3po53,400-2500,,v1.0,1.0,True
DIO080,7,Diopside,RELAB,UNKNOWN,c3pp22,400-2500,,v1.0,1.0,True
DIO081,7,Diopside,RELAB,UNKNOWN,c5pp21,400-2500,,v1.0,1.0,True
DIO082,7,Diopside,RELAB,UNKNOWN,c5pp23,400-2500,,v1.0,1.0,True
DIO083,7,Diopside,RELAB,UNKNOWN,capp27,400-2500,,v1.0,1.0,True
DIO084,7,Diopside,RELAB,UNKNOWN,cbpp27,400-2500,,v1.0,1.0,True
DIO085,7,Diopside,RELAB,UNKNOWN,ccpp27,400-2500,,v1.0,1.0,True
DIO086,7,Diopside,RELAB,UNKNOWN,mapp27b,400-2500,,v1.0,1.0,True
DIO087,7,Diopside,RELAB,UNKNOWN,napd08,400-2500,,v1.0,1.0,True
DIO088,7,Diopside,RELAB,UNKNOWN,napp21,400-2500,,v1.0,1.0,True
DIO089,7,Diopside,RELAB,UNKNOWN,napp22,400-2500,,v1.0,1.0,True
DIO090,7,Diopside,RELAB,UNKNOWN,napp23,400-2500,,v1.0,1.0,True
DIO091,7,Diopside,RELAB,UNKNOWN,nnapp27,400-2500,,v1.0,1.0,True
DIO092,7,Diopside,RELAB,UNKNOWN,nnbpp27,400-2500,,v1.0,1.0,True
DIO093,7,Diopside,RELAB,UNKNOWN,s1pd07,400-2500,,v1.0,1.0,True
DOL001,20,Dolomite,RELAB,UNKNOWN,bfr1cb017a,400-2500,,v1.0,1.0,True
DOL002,20,Dolomite,RELAB,UNKNOWN,bir1jb608j,400-2500,,v1.0,1.0,True
DOL003,20,Dolomite,RELAB,UNKNOWN,bir1jb608k,400-2500,,v1.0,1.0,True
DOL004,20,Dolomite,RELAB,UNKNOWN,bir1jb608l,400-2500,,v1.0,1.0,True
DOL005,20,Dolomite,RELAB,UNKNOWN,bir1jb608m,400-2500,,v1.0,1.0,True
DOL006,20,Dolomite,RELAB,UNKNOWN,bir1jb779,400-2500,,v1.0,1.0,True
DOL007,20,Dolomite,RELAB,UNKNOWN,bir1jbe61a,400-2500,,v1.0,1.0,True
DOL008,20,Dolomite,RELAB,UNKNOWN,bir1jbe61b,400-2500,,v1.0,1.0,True
DOL009,20,Dolomite,RELAB,UNKNOWN,bir1jbe61c,400-2500,,v1.0,1.0,True
DOL010,20,Dolomite,RELAB,UNKNOWN,bir1jbe61d,400-2500,,v1.0,1.0,True
DOL011,20,Dolomite,RELAB,UNKNOWN,bir1jbe61e,400-2500,,v1.0,1.0,True
DOL012,20,Dolomite,RELAB,UNKNOWN,bir1jbe61f,400-2500,,v1.0,1.0,True
DOL013,20,Dolomite,RELAB,UNKNOWN,bir1jbe72,400-2500,,v1.0,1.0,True
DOL014,20,Dolomite,RELAB,UNKNOWN,bir1jbe73,400-2500,,v1.0,1.0,True
DOL015,20,Dolomite,RELAB,UNKNOWN,bir1jbe74,400-2500,,v1.0,1.0,True
DOL016,20,Dolomite,RELAB,UNKNOWN,bir1jbe75,400-2500,,v1.0,1.0,True
DOL017,20,Dolomite,RELAB,UNKNOWN,bir1jbe76,400-2500,,v1.0,1.0,True
DOL018,20,Dolomite,RELAB,UNKNOWN,bir1jbe77,400-2500,,v1.0,1.0,True
DOL019,20,Dolomite,RELAB,UNKNOWN,bir1mg028,400-2500,,v1.0,1.0,True
DOL020,20,Dolomite,RELAB,UNKNOWN,bir1mg029,400-2500,,v1.0,1.0,True
DOL021,20,Dolomite,RELAB,UNKNOWN,bir1mg032,400-2500,,v1.0,1.0,True
DOL022,20,Dolomite,RELAB,UNKNOWN,bir1mg033,400-2500,,v1.0,1.0,True
DOL023,20,Dolomite,RELAB,UNKNOWN,bir1mg034,400-2500,,v1.0,1.0,True
DOL024,20,Dolomite,RELAB,UNKNOWN,bir1mg038,400-2500,,v1.0,1.0,True
DOL025,20,Dolomite,RELAB,UNKNOWN,bir1mg039,400-2500,,v1.0,1.0,True
DOL026,20,Dolomite,RELAB,UNKNOWN,bir1mg040,400-2500,,v1.0,1.0,True
DOL027,20,Dolomite,RELAB,UNKNOWN,bir1mg043,400-2500,,v1.0,1.0,True
DOL028,20,Dolomite,RELAB,UNKNOWN,bir1mg044,400-2500,,v1.0,1.0,True
DOL029,20,Dolomite,RELAB,UNKNOWN,bir1mg045,400-2500,,v1.0,1.0,True
DOL030,20,Dolomite,RELAB,UNKNOWN,bir1mg046,400-2500,,v1.0,1.0,True
DOL031,20,Dolomite,RELAB,UNKNOWN,bir1mg047,400-2500,,v1.0,1.0,True
DOL032,20,Dolomite,RELAB,UNKNOWN,bir1mg048,400-2500,,v1.0,1.0,True
DOL033,20,Dolomite,RELAB,UNKNOWN,bir1mg049,400-2500,,v1.0,1.0,True
DOL034,20,Dolomite,RELAB,UNKNOWN,bir1mg050,400-2500,,v1.0,1.0,True
DOL035,20,Dolomite,RELAB,UNKNOWN,bir1mg051,400-2500,,v1.0,1.0,True
DOL036,20,Dolomite,RELAB,UNKNOWN,bir1mg052,400-2500,,v1.0,1.0,True
DOL037,20,Dolomite,RELAB,UNKNOWN,bir1mg053,400-2500,,v1.0,1.0,True
DOL038,20,Dolomite,RELAB,UNKNOWN,bir1mg054,400-2500,,v1.0,1.0,True
DOL039,20,Dolomite,RELAB,UNKNOWN,bir1mg055,400-2500,,v1.0,1.0,True
DOL040,20,Dolomite,RELAB,UNKNOWN,bir1mg056,400-2500,,v1.0,1.0,True
DOL041,20,Dolomite,RELAB,UNKNOWN,bir1mg057,400-2500,,v1.0,1.0,True
DOL042,20,Dolomite,RELAB,UNKNOWN,bir1mg058,400-2500,,v1.0,1.0,True
DOL043,20,Dolomite,RELAB,UNKNOWN,bir2jbe61a,400-2500,,v1.0,1.0,True
DOL044,20,Dolomite,RELAB,UNKNOWN,bir2jbe61b,400-2500,,v1.0,1.0,True
DOL045,20,Dolomite,RELAB,UNKNOWN,bir2jbe61c,400-2500,,v1.0,1.0,True
DOL046,20,Dolomite,RELAB,UNKNOWN,bir2jbe61d,400-2500,,v1.0,1.0,True
DOL047,20,Dolomite,RELAB,UNKNOWN,bir2jbe61e,400-2500,,v1.0,1.0,True
DOL048,20,Dolomite,RELAB,UNKNOWN,bir2jbe61f,400-2500,,v1.0,1.0,True
DOL049,20,Dolomite,RELAB,UNKNOWN,bmr1cb017a,400-2500,,v1.0,1.0,True
DOL050,20,Dolomite,RELAB,UNKNOWN,c1cy07,400-2500,,v1.0,1.0,True
DOL051,20,Dolomite,RELAB,UNKNOWN,c1jb608j,400-2500,,v1.0,1.0,True
DOL052,20,Dolomite,RELAB,UNKNOWN,c1jb608k,400-2500,,v1.0,1.0,True
DOL053,20,Dolomite,RELAB,UNKNOWN,c1jb608l,400-2500,,v1.0,1.0,True
DOL054,20,Dolomite,RELAB,UNKNOWN,c1jb608m,400-2500,,v1.0,1.0,True
DOL055,20,Dolomite,RELAB,UNKNOWN,c1jb779,400-2500,,v1.0,1.0,True
DOL056,20,Dolomite,RELAB,UNKNOWN,c1jbe61a,400-2500,,v1.0,1.0,True
DOL057,20,Dolomite,RELAB,UNKNOWN,c1jbe61b,400-2500,,v1.0,1.0,True
DOL058,20,Dolomite,RELAB,UNKNOWN,c1jbe61c,400-2500,,v1.0,1.0,True
DOL059,20,Dolomite,RELAB,UNKNOWN,c1jbe61d,400-2500,,v1.0,1.0,True
DOL060,20,Dolomite,RELAB,UNKNOWN,c1jbe61e,400-2500,,v1.0,1.0,True
DOL061,20,Dolomite,RELAB,UNKNOWN,c1jbe61f,400-2500,,v1.0,1.0,True
DOL062,20,Dolomite,RELAB,UNKNOWN,c1jbe72,400-2500,,v1.0,1.0,True
DOL063,20,Dolomite,RELAB,UNKNOWN,c1jbe73,400-2500,,v1.0,1.0,True
DOL064,20,Dolomite,RELAB,UNKNOWN,c1jbe74,400-2500,,v1.0,1.0,True
DOL065,20,Dolomite,RELAB,UNKNOWN,c1jbe75,400-2500,,v1.0,1.0,True
DOL066,20,Dolomite,RELAB,UNKNOWN,c1jbe76,400-2500,,v1.0,1.0,True
DOL067,20,Dolomite,RELAB,UNKNOWN,c1jbe77,400-2500,,v1.0,1.0,True
DOL068,20,Dolomite,RELAB,UNKNOWN,c1mg28,400-2500,,v1.0,1.0,True
DOL069,20,Dolomite,RELAB,UNKNOWN,c1mg29,400-2500,,v1.0,1.0,True
DOL070,20,Dolomite,RELAB,UNKNOWN,c1mg32,400-2500,,v1.0,1.0,True
DOL071,20,Dolomite,RELAB,UNKNOWN,c1mg33,400-2500,,v1.0,1.0,True
DOL072,20,Dolomite,RELAB,UNKNOWN,c1mg34,400-2500,,v1.0,1.0,True
DOL073,20,Dolomite,RELAB,UNKNOWN,c1mg38,400-2500,,v1.0,1.0,True
DOL074,20,Dolomite,RELAB,UNKNOWN,c1mg39,400-2500,,v1.0,1.0,True
DOL075,20,Dolomite,RELAB,UNKNOWN,c1mg40,400-2500,,v1.0,1.0,True
DOL076,20,Dolomite,RELAB,UNKNOWN,c1mg43,400-2500,,v1.0,1.0,True
DOL077,20,Dolomite,RELAB,UNKNOWN,c1mg44,400-2500,,v1.0,1.0,True
DOL078,20,Dolomite,RELAB,UNKNOWN,c1mg45,400-2500,,v1.0,1.0,True
DOL079,20,Dolomite,RELAB,UNKNOWN,c1mg46,400-2500,,v1.0,1.0,True
DOL080,20,Dolomite,RELAB,UNKNOWN,c1mg47,400-2500,,v1.0,1.0,True
DOL081,20,Dolomite,RELAB,UNKNOWN,c1mg48,400-2500,,v1.0,1.0,True
DOL082,20,Dolomite,RELAB,UNKNOWN,c1mg49,400-2500,,v1.0,1.0,True
DOL083,20,Dolomite,RELAB,UNKNOWN,c1mg50,400-2500,,v1.0,1.0,True
DOL084,20,Dolomite,RELAB,UNKNOWN,c1mg51,400-2500,,v1.0,1.0,True
DOL085,20,Dolomite,RELAB,UNKNOWN,c1mg52,400-2500,,v1.0,1.0,True
DOL086,20,Dolomite,RELAB,UNKNOWN,c1mg53,400-2500,,v1.0,1.0,True
DOL087,20,Dolomite,RELAB,UNKNOWN,c1mg54,400-2500,,v1.0,1.0,True
DOL088,20,Dolomite,RELAB,UNKNOWN,c1mg55,400-2500,,v1.0,1.0,True
DOL089,20,Dolomite,RELAB,UNKNOWN,c1mg56,400-2500,,v1.0,1.0,True
DOL090,20,Dolomite,RELAB,UNKNOWN,c1mg57,400-2500,,v1.0,1.0,True
DOL091,20,Dolomite,RELAB,UNKNOWN,c1mg58,400-2500,,v1.0,1.0,True
DOL092,20,Dolomite,RELAB,UNKNOWN,cacb03,400-2500,,v1.0,1.0,True
DOL093,20,Dolomite,RELAB,UNKNOWN,cacb17,400-2500,,v1.0,1.0,True
DOL094,20,Dolomite,RELAB,UNKNOWN,camg06,400-2500,,v1.0,1.0,True
DOL095,20,Dolomite,RELAB,UNKNOWN,cbcb03,400-2500,,v1.0,1.0,True
DOL096,20,Dolomite,RELAB,UNKNOWN,cbcc05,400-2500,,v1.0,1.0,True
DOL097,20,Dolomite,RELAB,UNKNOWN,kacb03a,400-2500,,v1.0,1.0,True
DOL098,20,Dolomite,RELAB,UNKNOWN,kacb03b,400-2500,,v1.0,1.0,True
DOL099,20,Dolomite,RELAB,UNKNOWN,n1cc05a,400-2500,,v1.0,1.0,True
DOL100,20,Dolomite,RELAB,UNKNOWN,n1cc05c,400-2500,,v1.0,1.0,True
ENS001,9,Enstatite,RRUFF,UNKNOWN,397s238,400-2500,,v1.0,1.0,True
ENS002,9,Enstatite,RELAB,UNKNOWN,bir1dd153,400-2500,,v1.0,1.0,True
ENS003,9,Enstatite,RELAB,UNKNOWN,bir1dd154,400-2500,,v1.0,1.0,True
ENS004,9,Enstatite,RELAB,UNKNOWN,bir1dd163,400-2500,,v1.0,1.0,True
ENS005,9,Enstatite,RELAB,UNKNOWN,bir1dd166,400-2500,,v1.0,1.0,True
ENS006,9,Enstatite,RELAB,UNKNOWN,bir1dd167,400-2500,,v1.0,1.0,True
ENS007,9,Enstatite,RELAB,UNKNOWN,bir1jba14a,400-2500,,v1.0,1.0,True
ENS008,9,Enstatite,RELAB,UNKNOWN,bir1jba14b,400-2500,,v1.0,1.0,True
ENS009,9,Enstatite,RELAB,UNKNOWN,bir1jba14c,400-2500,,v1.0,1.0,True
ENS010,9,Enstatite,RELAB,UNKNOWN,bir1jba14d,400-2500,,v1.0,1.0,True
ENS011,9,Enstatite,RELAB,UNKNOWN,bir1jba15,400-2500,,v1.0,1.0,True
ENS012,9,Enstatite,RELAB,UNKNOWN,bir1jba16,400-2500,,v1.0,1.0,True
ENS013,9,Enstatite,RELAB,UNKNOWN,bir1jba17,400-2500,,v1.0,1.0,True
ENS014,9,Enstatite,RELAB,UNKNOWN,bir1jba18,400-2500,,v1.0,1.0,True
ENS015,9,Enstatite,RELAB,UNKNOWN,bir1jba19,400-2500,,v1.0,1.0,True
ENS016,9,Enstatite,RELAB,UNKNOWN,bir1jbb83a,400-2500,,v1.0,1.0,True
ENS017,9,Enstatite,RELAB,UNKNOWN,bir1jbb83b,400-2500,,v1.0,1.0,True
ENS018,9,Enstatite,RELAB,UNKNOWN,bir1jbb83c,400-2500,,v1.0,1.0,True
ENS019,9,Enstatite,RELAB,UNKNOWN,bir1jbb88,400-2500,,v1.0,1.0,True
ENS020,9,Enstatite,RELAB,UNKNOWN,bir1jbb89,400-2500,,v1.0,1.0,True
ENS021,9,Enstatite,RELAB,UNKNOWN,bir1jbb90,400-2500,,v1.0,1.0,True
ENS022,9,Enstatite,RELAB,UNKNOWN,bir1jbb91,400-2500,,v1.0,1.0,True
ENS023,9,Enstatite,RELAB,UNKNOWN,bir1jbb92,400-2500,,v1.0,1.0,True
ENS024,9,Enstatite,RELAB,UNKNOWN,bir1jbb93,400-2500,,v1.0,1.0,True
ENS025,9,Enstatite,RELAB,UNKNOWN,bir1jbb94,400-2500,,v1.0,1.0,True
ENS026,9,Enstatite,RELAB,UNKNOWN,bir1mt361a,400-2500,,v1.0,1.0,True
ENS027,9,Enstatite,RELAB,UNKNOWN,bir1mt361m,400-2500,,v1.0,1.0,True
ENS028,9,Enstatite,RELAB,UNKNOWN,bir2mp100a,400-2500,,v1.0,1.0,True
ENS029,9,Enstatite,RELAB,UNKNOWN,bir2mp100b,400-2500,,v1.0,1.0,True
ENS030,9,Enstatite,RELAB,UNKNOWN,bir2mp105,400-2500,,v1.0,1.0,True
ENS031,9,Enstatite,RELAB,UNKNOWN,biramt361,400-2500,,v1.0,1.0,True
ENS032,9,Enstatite,RELAB,UNKNOWN,birbmt361,400-2500,,v1.0,1.0,True
ENS033,9,Enstatite,RELAB,UNKNOWN,bmr1ck078,400-2500,,v1.0,1.0,True
ENS034,9,Enstatite,RELAB,UNKNOWN,bmr1ck079,400-2500,,v1.0,1.0,True
ENS035,9,Enstatite,RELAB,UNKNOWN,bmr1ck080,400-2500,,v1.0,1.0,True
ENS036,9,Enstatite,RELAB,UNKNOWN,bmr1ck081,400-2500,,v1.0,1.0,True
ENS037,9,Enstatite,RELAB,UNKNOWN,bmr1ck082,400-2500,,v1.0,1.0,True
ENS038,9,Enstatite,RELAB,UNKNOWN,bmr1ck083,400-2500,,v1.0,1.0,True
ENS039,9,Enstatite,RELAB,UNKNOWN,bmr1ck084,400-2500,,v1.0,1.0,True
ENS040,9,Enstatite,RELAB,UNKNOWN,bmr1ck085,400-2500,,v1.0,1.0,True
ENS041,9,Enstatite,RELAB,UNKNOWN,bmr1ck086,400-2500,,v1.0,1.0,True
ENS042,9,Enstatite,RELAB,UNKNOWN,bmr1ck087,400-2500,,v1.0,1.0,True
ENS043,9,Enstatite,RELAB,UNKNOWN,bmr1ck088,400-2500,,v1.0,1.0,True
ENS044,9,Enstatite,RELAB,UNKNOWN,bmr1ck089,400-2500,,v1.0,1.0,True
ENS045,9,Enstatite,RELAB,UNKNOWN,bmr1ck090,400-2500,,v1.0,1.0,True
ENS046,9,Enstatite,RELAB,UNKNOWN,bmr1ck091,400-2500,,v1.0,1.0,True
ENS047,9,Enstatite,RELAB,UNKNOWN,bmr1ck092,400-2500,,v1.0,1.0,True
ENS048,9,Enstatite,RELAB,UNKNOWN,bmr1ck093,400-2500,,v1.0,1.0,True
ENS049,9,Enstatite,RELAB,UNKNOWN,bmr1ck094,400-2500,,v1.0,1.0,True
ENS050,9,Enstatite,RELAB,UNKNOWN,bmr1ck095,400-2500,,v1.0,1.0,True
ENS051,9,Enstatite,RELAB,UNKNOWN,bmr1ck096,400-2500,,v1.0,1.0,True
ENS052,9,Enstatite,RELAB,UNKNOWN,bmr1ck097,400-2500,,v1.0,1.0,True
ENS053,9,Enstatite,RELAB,UNKNOWN,bmr1ck098,400-2500,,v1.0,1.0,True
ENS054,9,Enstatite,RELAB,UNKNOWN,bmr1ck099,400-2500,,v1.0,1.0,True
ENS055,9,Enstatite,RELAB,UNKNOWN,bmr1ck100,400-2500,,v1.0,1.0,True
ENS056,9,Enstatite,RELAB,UNKNOWN,bmr1ck101,400-2500,,v1.0,1.0,True
ENS057,9,Enstatite,RELAB,UNKNOWN,bmr1ck102,400-2500,,v1.0,1.0,True
ENS058,9,Enstatite,RELAB,UNKNOWN,bmr1ck103,400-2500,,v1.0,1.0,True
ENS059,9,Enstatite,RELAB,UNKNOWN,bmr1ck104,400-2500,,v1.0,1.0,True
ENS060,9,Enstatite,RELAB,UNKNOWN,bmr1ck105,400-2500,,v1.0,1.0,True
ENS061,9,Enstatite,RELAB,UNKNOWN,bmr1ck106,400-2500,,v1.0,1.0,True
ENS062,9,Enstatite,RELAB,UNKNOWN,bmr1ck107,400-2500,,v1.0,1.0,True
ENS063,9,Enstatite,RELAB,UNKNOWN,bmr1ck108,400-2500,,v1.0,1.0,True
ENS064,9,Enstatite,RELAB,UNKNOWN,bmr1ck109,400-2500,,v1.0,1.0,True
ENS065,9,Enstatite,RELAB,UNKNOWN,bmr1ck110,400-2500,,v1.0,1.0,True
ENS066,9,Enstatite,RELAB,UNKNOWN,bmr1ck111,400-2500,,v1.0,1.0,True
ENS067,9,Enstatite,RELAB,UNKNOWN,bmr1ck112,400-2500,,v1.0,1.0,True
ENS068,9,Enstatite,RELAB,UNKNOWN,bmr1ck113,400-2500,,v1.0,1.0,True
ENS069,9,Enstatite,RELAB,UNKNOWN,bmr1ck114,400-2500,,v1.0,1.0,True
ENS070,9,Enstatite,RELAB,UNKNOWN,bmr1dh005,400-2500,,v1.0,1.0,True
ENS071,9,Enstatite,RELAB,UNKNOWN,bmr1mt118a,400-2500,,v1.0,1.0,True
ENS072,9,Enstatite,RELAB,UNKNOWN,bmr1mt118b,400-2500,,v1.0,1.0,True
ENS073,9,Enstatite,RELAB,UNKNOWN,bmr1mt119a,400-2500,,v1.0,1.0,True
ENS074,9,Enstatite,RELAB,UNKNOWN,bmr1mt119b,400-2500,,v1.0,1.0,True
ENS075,9,Enstatite,RELAB,UNKNOWN,bmr1mt120a,400-2500,,v1.0,1.0,True
ENS076,9,Enstatite,RELAB,UNKNOWN,bmr1mt120b,400-2500,,v1.0,1.0,True
ENS077,9,Enstatite,RELAB,UNKNOWN,bmr1mt121a,400-2500,,v1.0,1.0,True
ENS078,9,Enstatite,RELAB,UNKNOWN,bmr1mt121b,400-2500,,v1.0,1.0,True
ENS079,9,Enstatite,RELAB,UNKNOWN,bmr1mt122a,400-2500,,v1.0,1.0,True
ENS080,9,Enstatite,RELAB,UNKNOWN,bmr1mt122b,400-2500,,v1.0,1.0,True
ENS081,9,Enstatite,RELAB,UNKNOWN,bmr1mt122c,400-2500,,v1.0,1.0,True
ENS082,9,Enstatite,RELAB,UNKNOWN,bmr1mt316,400-2500,,v1.0,1.0,True
ENS083,9,Enstatite,RELAB,UNKNOWN,bmr1mt316a,400-2500,,v1.0,1.0,True
ENS084,9,Enstatite,RELAB,UNKNOWN,bmr1mt316b,400-2500,,v1.0,1.0,True
ENS085,9,Enstatite,RELAB,UNKNOWN,bmr1mt317,400-2500,,v1.0,1.0,True
ENS086,9,Enstatite,RELAB,UNKNOWN,bmr1mt317a,400-2500,,v1.0,1.0,True
ENS087,9,Enstatite,RELAB,UNKNOWN,bmr1mt317b,400-2500,,v1.0,1.0,True
ENS088,9,Enstatite,RELAB,UNKNOWN,bmr1mt323,400-2500,,v1.0,1.0,True
ENS089,9,Enstatite,RELAB,UNKNOWN,bmr1mt324,400-2500,,v1.0,1.0,True
ENS090,9,Enstatite,RELAB,UNKNOWN,c1ck78,400-2500,,v1.0,1.0,True
ENS091,9,Enstatite,RELAB,UNKNOWN,c1ck79,400-2500,,v1.0,1.0,True
ENS092,9,Enstatite,RELAB,UNKNOWN,c1ck80,400-2500,,v1.0,1.0,True
ENS093,9,Enstatite,RELAB,UNKNOWN,c1ck81,400-2500,,v1.0,1.0,True
ENS094,9,Enstatite,RELAB,UNKNOWN,c1ck82,400-2500,,v1.0,1.0,True
ENS095,9,Enstatite,RELAB,UNKNOWN,c1ck83,400-2500,,v1.0,1.0,True
ENS096,9,Enstatite,RELAB,UNKNOWN,c1ck84,400-2500,,v1.0,1.0,True
ENS097,9,Enstatite,RELAB,UNKNOWN,c1ck85,400-2500,,v1.0,1.0,True
ENS098,9,Enstatite,RELAB,UNKNOWN,c1ck86,400-2500,,v1.0,1.0,True
GRO001,1,Grossular,RRUFF,Raman,R040065,400-2500,,v1.0,1.0,True
GRO002,1,Grossular,RRUFF,Raman,R040066,400-2500,,v1.0,1.0,True
GRO003,1,Grossular,RRUFF,Raman,R050036,400-2500,,v1.0,1.0,True
GRO004,1,Grossular,RRUFF,Raman,R050081,400-2500,,v1.0,1.0,True
GRO005,1,Grossular,RRUFF,Raman,R050312,400-2500,,v1.0,1.0,True
GRO006,1,Grossular,RRUFF,Raman,R060278,400-2500,,v1.0,1.0,True
GRO007,1,Grossular,RRUFF,Raman,R060382,400-2500,,v1.0,1.0,True
GRO008,1,Grossular,RRUFF,Raman,R060442,400-2500,,v1.0,1.0,True
GRO009,1,Grossular,RRUFF,Raman,R060443,400-2500,,v1.0,1.0,True
GRO010,1,Grossular,RRUFF,Raman,R060444,400-2500,,v1.0,1.0,True
GRO011,1,Grossular,RRUFF,Raman,R060446,400-2500,,v1.0,1.0,True
GRO012,1,Grossular,RRUFF,Raman,R060452,400-2500,,v1.0,1.0,True
GRO013,1,Grossular,RRUFF,Raman,R060453,400-2500,,v1.0,1.0,True
GRO014,1,Grossular,RRUFF,Raman,R060499,400-2500,,v1.0,1.0,True
GRO015,1,Grossular,RRUFF,Raman,R070551,400-2500,,v1.0,1.0,True
GRO016,1,Grossular,RRUFF,Raman,R100146,400-2500,,v1.0,1.0,True
GRO017,1,Grossular,RRUFF,Raman,R100152,400-2500,,v1.0,1.0,True
GRO018,1,Grossular,RRUFF,Raman,R100160,400-2500,,v1.0,1.0,True
GRO019,1,Grossular,RRUFF,Raman,R100161,400-2500,,v1.0,1.0,True
GRO020,1,Grossular,RRUFF,Raman,R141207,400-2500,,v1.0,1.0,True
GRO021,1,Grossular,RRUFF,Raman,Grossular,400-2500,,v1.0,1.0,True
GRO022,1,Grossular,RELAB,UNKNOWN,c1sc71,400-2500,,v1.0,1.0,True
GRO023,1,Grossular,USGS,ASD,HS113.3B-HCL,400-2500,,v1.0,1.0,True
GRO024,1,Grossular,USGS,ASD,NMNH155371,400-2500,,v1.0,1.0,True
GRO025,1,Grossular,USGS,ASD,WS483,400-2500,,v1.0,1.0,True
GRO026,1,Grossular,USGS,ASD,WS484,400-2500,,v1.0,1.0,True
GRO027,1,Grossular,USGS,ASD,WS485,400-2500,,v1.0,1.0,True
GRO028,1,Grossular,USGS,ASD,AV00,400-2500,,v1.0,1.0,True
GRO029,1,Grossular,USGS,ASD,AV01,400-2500,,v1.0,1.0,True
GRO030,1,Grossular,USGS,ASD,AV05,400-2500,,v1.0,1.0,True
GRO031,1,Grossular,USGS,ASD,AV06,400-2500,,v1.0,1.0,True
GRO032,1,Grossular,USGS,ASD,AV09,400-2500,,v1.0,1.0,True
GRO033,1,Grossular,USGS,ASD,AV10,400-2500,,v1.0,1.0,True
GRO034,1,Grossular,USGS,ASD,AV11,400-2500,,v1.0,1.0,True
GRO035,1,Grossular,USGS,ASD,AV12,400-2500,,v1.0,1.0,True
GRO036,1,Grossular,USGS,ASD,AV13,400-2500,,v1.0,1.0,True
GRO037,1,Grossular,USGS,ASD,AV14,400-2500,,v1.0,1.0,True
GRO038,1,Grossular,USGS,ASD,AV95,400-2500,,v1.0,1.0,True
GRO039,1,Grossular,USGS,ASD,AV96,400-2500,,v1.0,1.0,True
GRO040,1,Grossular,USGS,ASD,AV97,400-2500,,v1.0,1.0,True
GRO041,1,Grossular,USGS,ASD,AV98,400-2500,,v1.0,1.0,True
GRO042,1,Grossular,USGS,ASD,AV99,400-2500,,v1.0,1.0,True
HYP001,10,Hypersthene,RRUFF,Raman,R070276,400-2500,,v1.0,1.0,True
HYP002,10,Hypersthene,RRUFF,Raman,Clinoenstatite,400-2500,,v1.0,1.0,True
HYP003,10,Hypersthene,RRUFF,Raman,R141085,400-2500,,v1.0,1.0,True
HYP004,10,Hypersthene,RRUFF,Raman,R040093,400-2500,,v1.0,1.0,True
HYP005,10,Hypersthene,RRUFF,Raman,R040094,400-2500,,v1.0,1.0,True
HYP006,10,Hypersthene,RRUFF,Raman,R050644,400-2500,,v1.0,1.0,True
HYP007,10,Hypersthene,RRUFF,Raman,R060630,400-2500,,v1.0,1.0,True
HYP008,10,Hypersthene,RRUFF,Raman,R060744,400-2500,,v1.0,1.0,True
HYP009,10,Hypersthene,RRUFF,Raman,R070097,400-2500,,v1.0,1.0,True
HYP010,10,Hypersthene,RRUFF,Raman,R070418,400-2500,,v1.0,1.0,True
HYP011,10,Hypersthene,RRUFF,Raman,R070550,400-2500,,v1.0,1.0,True
HYP012,10,Hypersthene,RRUFF,Raman,R070641,400-2500,,v1.0,1.0,True
HYP013,10,Hypersthene,RRUFF,Raman,R100093,400-2500,,v1.0,1.0,True
HYP014,10,Hypersthene,RRUFF,Raman,R120168,400-2500,,v1.0,1.0,True
HYP015,10,Hypersthene,RRUFF,Raman,R120174,400-2500,,v1.0,1.0,True
HYP016,10,Hypersthene,RRUFF,Raman,Enstatite,400-2500,,v1.0,1.0,True
HYP017,10,Hypersthene,RRUFF,Raman,R070386,400-2500,,v1.0,1.0,True
HYP018,10,Hypersthene,RRUFF,Raman,R070387,400-2500,,v1.0,1.0,True
HYP019,10,Hypersthene,RRUFF,Raman,Ferrosilite,400-2500,,v1.0,1.0,True
HYP020,10,Hypersthene,RELAB,UNKNOWN,c1ag09,400-2500,,v1.0,1.0,True
HYP021,10,Hypersthene,RELAB,UNKNOWN,c1ag12,400-2500,,v1.0,1.0,True
HYP022,10,Hypersthene,RELAB,UNKNOWN,c1ag13,400-2500,,v1.0,1.0,True
HYP023,10,Hypersthene,RELAB,UNKNOWN,c1ag14,400-2500,,v1.0,1.0,True
HYP024,10,Hypersthene,RELAB,UNKNOWN,c1ag15,400-2500,,v1.0,1.0,True
HYP025,10,Hypersthene,RELAB,UNKNOWN,c1ag16,400-2500,,v1.0,1.0,True
HYP026,10,Hypersthene,RELAB,UNKNOWN,c1ag17,400-2500,,v1.0,1.0,True
HYP027,10,Hypersthene,RELAB,UNKNOWN,c1ag18,400-2500,,v1.0,1.0,True
HYP028,10,Hypersthene,RELAB,UNKNOWN,c1ag19,400-2500,,v1.0,1.0,True
HYP029,10,Hypersthene,RELAB,UNKNOWN,c1ag20,400-2500,,v1.0,1.0,True
HYP030,10,Hypersthene,RELAB,UNKNOWN,c1ag21,400-2500,,v1.0,1.0,True
HYP031,10,Hypersthene,RELAB,UNKNOWN,c1ag22,400-2500,,v1.0,1.0,True
HYP032,10,Hypersthene,RELAB,UNKNOWN,c1ag23,400-2500,,v1.0,1.0,True
HYP033,10,Hypersthene,RELAB,UNKNOWN,c1ag24,400-2500,,v1.0,1.0,True
HYP034,10,Hypersthene,RELAB,UNKNOWN,c1ag25,400-2500,,v1.0,1.0,True
HYP035,10,Hypersthene,RELAB,UNKNOWN,c1ag26,400-2500,,v1.0,1.0,True
HYP036,10,Hypersthene,RELAB,UNKNOWN,c1ag27,400-2500,,v1.0,1.0,True
HYP037,10,Hypersthene,RELAB,UNKNOWN,c1ag28,400-2500,,v1.0,1.0,True
HYP038,10,Hypersthene,RELAB,UNKNOWN,c1ag29,400-2500,,v1.0,1.0,True
HYP039,10,Hypersthene,RELAB,UNKNOWN,c1ag30,400-2500,,v1.0,1.0,True
HYP040,10,Hypersthene,RELAB,UNKNOWN,c1ag31,400-2500,,v1.0,1.0,True
HYP041,10,Hypersthene,RELAB,UNKNOWN,c1ag32,400-2500,,v1.0,1.0,True
HYP042,10,Hypersthene,RELAB,UNKNOWN,c1ag33,400-2500,,v1.0,1.0,True
HYP043,10,Hypersthene,RELAB,UNKNOWN,c1ag34,400-2500,,v1.0,1.0,True
HYP044,10,Hypersthene,RELAB,UNKNOWN,c1ag35,400-2500,,v1.0,1.0,True
HYP045,10,Hypersthene,RELAB,UNKNOWN,c1ag36,400-2500,,v1.0,1.0,True
HYP046,10,Hypersthene,RELAB,UNKNOWN,c1ag37,400-2500,,v1.0,1.0,True
HYP047,10,Hypersthene,RELAB,UNKNOWN,c1ag38,400-2500,,v1.0,1.0,True
HYP048,10,Hypersthene,RELAB,UNKNOWN,c1ag39,400-2500,,v1.0,1.0,True
HYP049,10,Hypersthene,RELAB,UNKNOWN,c1ag40,400-2500,,v1.0,1.0,True
HYP050,10,Hypersthene,RELAB,UNKNOWN,c1ag41,400-2500,,v1.0,1.0,True
HYP051,10,Hypersthene,RELAB,UNKNOWN,c1ag42,400-2500,,v1.0,1.0,True
HYP052,10,Hypersthene,RELAB,UNKNOWN,c1ag43,400-2500,,v1.0,1.0,True
HYP053,10,Hypersthene,RELAB,UNKNOWN,c1ag44,400-2500,,v1.0,1.0,True
HYP054,10,Hypersthene,RELAB,UNKNOWN,c1ag45,400-2500,,v1.0,1.0,True
HYP055,10,Hypersthene,RELAB,UNKNOWN,c1ag46,400-2500,,v1.0,1.0,True
HYP056,10,Hypersthene,RELAB,UNKNOWN,c1ag47,400-2500,,v1.0,1.0,True
HYP057,10,Hypersthene,RELAB,UNKNOWN,c1ag48,400-2500,,v1.0,1.0,True
HYP058,10,Hypersthene,RELAB,UNKNOWN,c1ag49,400-2500,,v1.0,1.0,True
HYP059,10,Hypersthene,RELAB,UNKNOWN,c1ag50,400-2500,,v1.0,1.0,True
HYP060,10,Hypersthene,RELAB,UNKNOWN,c1ag51,400-2500,,v1.0,1.0,True
HYP061,10,Hypersthene,RELAB,UNKNOWN,c1ja01,400-2500,,v1.0,1.0,True
HYP062,10,Hypersthene,RELAB,UNKNOWN,c1ja02b,400-2500,,v1.0,1.0,True
HYP063,10,Hypersthene,RELAB,UNKNOWN,c1ja03,400-2500,,v1.0,1.0,True
HYP064,10,Hypersthene,RELAB,UNKNOWN,c1ja07,400-2500,,v1.0,1.0,True
HYP065,10,Hypersthene,RELAB,UNKNOWN,c1ja15,400-2500,,v1.0,1.0,True
HYP066,10,Hypersthene,RELAB,UNKNOWN,c1mb04,400-2500,,v1.0,1.0,True
HYP067,10,Hypersthene,RELAB,UNKNOWN,capp38,400-2500,,v1.0,1.0,True
HYP068,10,Hypersthene,RELAB,UNKNOWN,cbpp38,400-2500,,v1.0,1.0,True
HYP069,10,Hypersthene,RELAB,UNKNOWN,ccpp38,400-2500,,v1.0,1.0,True
HYP070,10,Hypersthene,USGS,ASD,NMNHC2368,400-2500,,v1.0,1.0,True
HYP071,10,Hypersthene,USGS,ASD,PYX02.a,400-2500,,v1.0,1.0,True
HYP072,10,Hypersthene,USGS,ASD,PYX02.b,400-2500,,v1.0,1.0,True
HYP073,10,Hypersthene,USGS,ASD,PYX02.c,400-2500,,v1.0,1.0,True
HYP074,10,Hypersthene,USGS,ASD,PYX02.d,400-2500,,v1.0,1.0,True
HYP075,10,Hypersthene,USGS,ASD,PYX02.e,400-2500,,v1.0,1.0,True
HYP076,10,Hypersthene,USGS,ASD,PYX02.f,400-2500,,v1.0,1.0,True
HYP077,10,Hypersthene,USGS,ASD,PYX02.g,400-2500,,v1.0,1.0,True
HYP078,10,Hypersthene,USGS,ASD,PYX02.h,400-2500,,v1.0,1.0,True
HYP079,10,Hypersthene,USGS,ASD,AV00,400-2500,,v1.0,1.0,True
HYP080,10,Hypersthene,USGS,ASD,AV01,400-2500,,v1.0,1.0,True
MIC001,16,Microcline,RRUFF,Raman,R040154,400-2500,,v1.0,1.0,True
MIC002,16,Microcline,RRUFF,Raman,R050054,400-2500,,v1.0,1.0,True
MIC003,16,Microcline,RRUFF,Raman,R050150,400-2500,,v1.0,1.0,True
MIC004,16,Microcline,RRUFF,Raman,R050193,400-2500,,v1.0,1.0,True
MIC005,16,Microcline,RRUFF,Raman,R120005,400-2500,,v1.0,1.0,True
MIC006,16,Microcline,RRUFF,Raman,R150015,400-2500,,v1.0,1.0,True
MIC007,16,Microcline,RRUFF,Raman,Microcline,400-2500,,v1.0,1.0,True
MIC008,16,Microcline,RELAB,UNKNOWN,bir1sr045,400-2500,,v1.0,1.0,True
MIC009,16,Microcline,RELAB,UNKNOWN,bir1sr045a,400-2500,,v1.0,1.0,True
MIC010,16,Microcline,RELAB,UNKNOWN,bir1sr050,400-2500,,v1.0,1.0,True
MIC011,16,Microcline,RELAB,UNKNOWN,bir1sr050a,400-2500,,v1.0,1.0,True
MIC012,16,Microcline,RELAB,UNKNOWN,c1sr45,400-2500,,v1.0,1.0,True
MIC013,16,Microcline,RELAB,UNKNOWN,c1sr45a,400-2500,,v1.0,1.0,True
MIC014,16,Microcline,RELAB,UNKNOWN,c1sr50,400-2500,,v1.0,1.0,True
MIC015,16,Microcline,RELAB,UNKNOWN,c1sr50a,400-2500,,v1.0,1.0,True
MIC016,16,Microcline,USGS,ASD,HS107.3B,400-2500,,v1.0,1.0,True
MIC017,16,Microcline,USGS,ASD,HS103.3B,400-2500,,v1.0,1.0,True
MIC018,16,Microcline,USGS,ASD,HS108.3B,400-2500,,v1.0,1.0,True
MIC019,16,Microcline,USGS,ASD,HS151.3B,400-2500,,v1.0,1.0,True
MIC020,16,Microcline,USGS,ASD,HS82.3B,400-2500,,v1.0,1.0,True
MIC021,16,Microcline,USGS,ASD,NMNH135231,400-2500,,v1.0,1.0,True
MIC022,16,Microcline,USGS,ASD,AV00,400-2500,,v1.0,1.0,True
MIC023,16,Microcline,USGS,ASD,AV01,400-2500,,v1.0,1.0,True
MIC024,16,Microcline,USGS,ASD,AV05,400-2500,,v1.0,1.0,True
MIC025,16,Microcline,USGS,ASD,AV06,400-2500,,v1.0,1.0,True
MIC026,16,Microcline,USGS,ASD,AV09,400-2500,,v1.0,1.0,True
MIC027,16,Microcline,USGS,ASD,AV10,400-2500,,v1.0,1.0,True
MIC028,16,Microcline,USGS,ASD,AV11,400-2500,,v1.0,1.0,True
MIC029,16,Microcline,USGS,ASD,AV12,400-2500,,v1.0,1.0,True
MIC030,16,Microcline,USGS,ASD,AV13,400-2500,,v1.0,1.0,True
MIC031,16,Microcline,USGS,ASD,AV14,400-2500,,v1.0,1.0,True
MIC032,16,Microcline,USGS,ASD,AV95,400-2500,,v1.0,1.0,True
MIC033,16,Microcline,USGS,ASD,AV96,400-2500,,v1.0,1.0,True
MIC034,16,Microcline,USGS,ASD,AV97,400-2500,,v1.0,1.0,True
MIC035,16,Microcline,USGS,ASD,AV98,400-2500,,v1.0,1.0,True
MUS001,14,Muscovite,RRUFF,Raman,R070107,400-2500,,v1.0,1.0,True
MUS002,14,Muscovite,RRUFF,Raman,R040104,400-2500,,v1.0,1.0,True
MUS003,14,Muscovite,RRUFF,Raman,R040108,400-2500,,v1.0,1.0,True
MUS004,14,Muscovite,RRUFF,Raman,R040124,400-2500,,v1.0,1.0,True
MUS005,14,Muscovite,RRUFF,Raman,R050080,400-2500,,v1.0,1.0,True
MUS006,14,Muscovite,RRUFF,Raman,R050188,400-2500,,v1.0,1.0,True
MUS007,14,Muscovite,RRUFF,Raman,R050198,400-2500,,v1.0,1.0,True
MUS008,14,Muscovite,RRUFF,Raman,R060182,400-2500,,v1.0,1.0,True
MUS009,14,Muscovite,RRUFF,Raman,R060266,400-2500,,v1.0,1.0,True
MUS010,14,Muscovite,RRUFF,Raman,R061120,400-2500,,v1.0,1.0,True
MUS011,14,Muscovite,RRUFF,Raman,R100147,400-2500,,v1.0,1.0,True
MUS012,14,Muscovite,RRUFF,Raman,Muscovite,400-2500,,v1.0,1.0,True
MUS013,14,Muscovite,RELAB,UNKNOWN,bir1cz001cf,400-2500,,v1.0,1.0,True
MUS014,14,Muscovite,RELAB,UNKNOWN,bir1cz002cf,400-2500,,v1.0,1.0,True
MUS015,14,Muscovite,RELAB,UNKNOWN,bir1ev005cf,400-2500,,v1.0,1.0,True
MUS016,14,Muscovite,RELAB,UNKNOWN,bir1ev006cf,400-2500,,v1.0,1.0,True
MUS017,14,Muscovite,RELAB,UNKNOWN,bir1ev009cf,400-2500,,v1.0,1.0,True
MUS018,14,Muscovite,RELAB,UNKNOWN,bir1ev010cf,400-2500,,v1.0,1.0,True
MUS019,14,Muscovite,RELAB,UNKNOWN,bir1ev011cf,400-2500,,v1.0,1.0,True
MUS020,14,Muscovite,RELAB,UNKNOWN,bir1ev012cf,400-2500,,v1.0,1.0,True
MUS021,14,Muscovite,RELAB,UNKNOWN,bir1ev013cf,400-2500,,v1.0,1.0,True
MUS022,14,Muscovite,RELAB,UNKNOWN,bir1ev016cf,400-2500,,v1.0,1.0,True
MUS023,14,Muscovite,RELAB,UNKNOWN,bir1ev017cf,400-2500,,v1.0,1.0,True
MUS024,14,Muscovite,RELAB,UNKNOWN,bir1ev025cf,400-2500,,v1.0,1.0,True
MUS025,14,Muscovite,RELAB,UNKNOWN,bir1ev027cf,400-2500,,v1.0,1.0,True
MUS026,14,Muscovite,RELAB,UNKNOWN,bir1qq003cf,400-2500,,v1.0,1.0,True
MUS027,14,Muscovite,RELAB,UNKNOWN,bir1qq004cf,400-2500,,v1.0,1.0,True
MUS028,14,Muscovite,RELAB,UNKNOWN,bir1qq006cf,400-2500,,v1.0,1.0,True
MUS029,14,Muscovite,RELAB,UNKNOWN,bir1qq007cf,400-2500,,v1.0,1.0,True
MUS030,14,Muscovite,RELAB,UNKNOWN,bir1qx000cf,400-2500,,v1.0,1.0,True
MUS031,14,Muscovite,RELAB,UNKNOWN,bir1sr071,400-2500,,v1.0,1.0,True
MUS032,14,Muscovite,RELAB,UNKNOWN,bir1sr071a,400-2500,,v1.0,1.0,True
MUS033,14,Muscovite,RELAB,UNKNOWN,bir1th007cf,400-2500,,v1.0,1.0,True
MUS034,14,Muscovite,RELAB,UNKNOWN,bir1th009cf,400-2500,,v1.0,1.0,True
MUS035,14,Muscovite,RELAB,UNKNOWN,bir1th012cf,400-2500,,v1.0,1.0,True
MUS036,14,Muscovite,RELAB,UNKNOWN,c1cz01cf,400-2500,,v1.0,1.0,True
MUS037,14,Muscovite,RELAB,UNKNOWN,c1cz02cf,400-2500,,v1.0,1.0,True
MUS038,14,Muscovite,RELAB,UNKNOWN,c1ev05cf,400-2500,,v1.0,1.0,True
MUS039,14,Muscovite,RELAB,UNKNOWN,c1ev06cf,400-2500,,v1.0,1.0,True
MUS040,14,Muscovite,RELAB,UNKNOWN,c1ev09cf,400-2500,,v1.0,1.0,True
MUS041,14,Muscovite,RELAB,UNKNOWN,c1ev10cf,400-2500,,v1.0,1.0,True
MUS042,14,Muscovite,RELAB,UNKNOWN,c1ev11cf,400-2500,,v1.0,1.0,True
MUS043,14,Muscovite,RELAB,UNKNOWN,c1ev12cf,400-2500,,v1.0,1.0,True
MUS044,14,Muscovite,RELAB,UNKNOWN,c1ev13cf,400-2500,,v1.0,1.0,True
MUS045,14,Muscovite,RELAB,UNKNOWN,c1ev16cf,400-2500,,v1.0,1.0,True
MUS046,14,Muscovite,RELAB,UNKNOWN,c1ev17cf,400-2500,,v1.0,1.0,True
MUS047,14,Muscovite,RELAB,UNKNOWN,c1ev25cf,400-2500,,v1.0,1.0,True
MUS048,14,Muscovite,RELAB,UNKNOWN,c1ev27cf,400-2500,,v1.0,1.0,True
MUS049,14,Muscovite,RELAB,UNKNOWN,c1qq03cf,400-2500,,v1.0,1.0,True
MUS050,14,Muscovite,RELAB,UNKNOWN,c1qq04cf,400-2500,,v1.0,1.0,True
MUS051,14,Muscovite,RELAB,UNKNOWN,c1qq06cf,400-2500,,v1.0,1.0,True
MUS052,14,Muscovite,RELAB,UNKNOWN,c1qq07cf,400-2500,,v1.0,1.0,True
MUS053,14,Muscovite,RELAB,UNKNOWN,c1qx00cf,400-2500,,v1.0,1.0,True
MUS054,14,Muscovite,RELAB,UNKNOWN,c1sh47,400-2500,,v1.0,1.0,True
MUS055,14,Muscovite,RELAB,UNKNOWN,c1sr71,400-2500,,v1.0,1.0,True
MUS056,14,Muscovite,RELAB,UNKNOWN,c1sr71a,400-2500,,v1.0,1.0,True
MUS057,14,Muscovite,RELAB,UNKNOWN,c1th07cf,400-2500,,v1.0,1.0,True
MUS058,14,Muscovite,RELAB,UNKNOWN,c1th09cf,400-2500,,v1.0,1.0,True
MUS059,14,Muscovite,RELAB,UNKNOWN,c1th12cf,400-2500,,v1.0,1.0,True
MUS060,14,Muscovite,RELAB,UNKNOWN,c1xt06,400-2500,,v1.0,1.0,True
MUS061,14,Muscovite,RELAB,UNKNOWN,c1xt07,400-2500,,v1.0,1.0,True
MUS062,14,Muscovite,RELAB,UNKNOWN,c1xt08,400-2500,,v1.0,1.0,True
MUS063,14,Muscovite,RELAB,UNKNOWN,c1xt09,400-2500,,v1.0,1.0,True
MUS064,14,Muscovite,USGS,ASD,CU93-65A,400-2500,,v1.0,1.0,True
MUS065,14,Muscovite,USGS,ASD,CU91-252D,400-2500,,v1.0,1.0,True
MUS066,14,Muscovite,USGS,ASD,CU91-250A,400-2500,,v1.0,1.0,True
MUS067,14,Muscovite,USGS,ASD,GDS107,400-2500,,v1.0,1.0,True
MUS068,14,Muscovite,USGS,ASD,GDS108,400-2500,,v1.0,1.0,True
MUS069,14,Muscovite,USGS,ASD,GDS111,400-2500,,v1.0,1.0,True
MUS070,14,Muscovite,USGS,ASD,GDS113,400-2500,,v1.0,1.0,True
MUS071,14,Muscovite,USGS,ASD,GDS113a,400-2500,,v1.0,1.0,True
MUS072,14,Muscovite,USGS,ASD,GDS114,400-2500,,v1.0,1.0,True
MUS073,14,Muscovite,USGS,ASD,GDS116,400-2500,,v1.0,1.0,True
MUS074,14,Muscovite,USGS,ASD,GDS116a,400-2500,,v1.0,1.0,True
MUS075,14,Muscovite,USGS,ASD,GDS117,400-2500,,v1.0,1.0,True
MUS076,14,Muscovite,USGS,ASD,GDS118,400-2500,,v1.0,1.0,True
MUS077,14,Muscovite,USGS,ASD,GDS119,400-2500,,v1.0,1.0,True
MUS078,14,Muscovite,USGS,ASD,GDS120,400-2500,,v1.0,1.0,True
MUS079,14,Muscovite,USGS,ASD,HS146.3B,400-2500,,v1.0,1.0,True
MUS080,14,Muscovite,USGS,ASD,HS24.3,400-2500,,v1.0,1.0,True
MUS081,14,Muscovite,USGS,ASD,IL107,400-2500,,v1.0,1.0,True
MUS082,14,Muscovite,USGS,ASD,AV00,400-2500,,v1.0,1.0,True
OLI001,11,Olivine,RRUFF,UNKNOWN,397s214,400-2500,,v1.0,1.0,True
OLI002,11,Olivine,RRUFF,UNKNOWN,397s214p,400-2500,,v1.0,1.0,True
OLI003,11,Olivine,RELAB,UNKNOWN,bir1be017,400-2500,,v1.0,1.0,True
OLI004,11,Olivine,RELAB,UNKNOWN,bir1be021,400-2500,,v1.0,1.0,True
OLI005,11,Olivine,RELAB,UNKNOWN,bir1be025,400-2500,,v1.0,1.0,True
OLI006,11,Olivine,RELAB,UNKNOWN,bir1be028,400-2500,,v1.0,1.0,True
OLI007,11,Olivine,RELAB,UNKNOWN,bir1be029,400-2500,,v1.0,1.0,True
OLI008,11,Olivine,RELAB,UNKNOWN,bir1be080,400-2500,,v1.0,1.0,True
OLI009,11,Olivine,RELAB,UNKNOWN,bir1be081,400-2500,,v1.0,1.0,True
OLI010,11,Olivine,RELAB,UNKNOWN,bir1be083,400-2500,,v1.0,1.0,True
OLI011,11,Olivine,RELAB,UNKNOWN,bir1be084,400-2500,,v1.0,1.0,True
OLI012,11,Olivine,RELAB,UNKNOWN,bir1be085,400-2500,,v1.0,1.0,True
OLI013,11,Olivine,RELAB,UNKNOWN,bir1be086,400-2500,,v1.0,1.0,True
OLI014,11,Olivine,RELAB,UNKNOWN,bir1be087,400-2500,,v1.0,1.0,True
OLI015,11,Olivine,RELAB,UNKNOWN,bir1be088,400-2500,,v1.0,1.0,True
OLI016,11,Olivine,RELAB,UNKNOWN,bir1be164,400-2500,,v1.0,1.0,True
OLI017,11,Olivine,RELAB,UNKNOWN,bir1dd001,400-2500,,v1.0,1.0,True
OLI018,11,Olivine,RELAB,UNKNOWN,bir1dd002,400-2500,,v1.0,1.0,True
OLI019,11,Olivine,RELAB,UNKNOWN,bir1dd009,400-2500,,v1.0,1.0,True
OLI020,11,Olivine,RELAB,UNKNOWN,bir1dd012,400-2500,,v1.0,1.0,True
OLI021,11,Olivine,RELAB,UNKNOWN,bir1dd014,400-2500,,v1.0,1.0,True
OLI022,11,Olivine,RELAB,UNKNOWN,bir1dd032,400-2500,,v1.0,1.0,True
OLI023,11,Olivine,RELAB,UNKNOWN,bir1dd033,400-2500,,v1.0,1.0,True
OLI024,11,Olivine,RELAB,UNKNOWN,bir1dd047,400-2500,,v1.0,1.0,True
OLI025,11,Olivine,RELAB,UNKNOWN,bir1dd048,400-2500,,v1.0,1.0,True
OLI026,11,Olivine,RELAB,UNKNOWN,bir1dd049,400-2500,,v1.0,1.0,True
OLI027,11,Olivine,RELAB,UNKNOWN,bir1dd050,400-2500,,v1.0,1.0,True
OLI028,11,Olivine,RELAB,UNKNOWN,bir1dd051,400-2500,,v1.0,1.0,True
OLI029,11,Olivine,RELAB,UNKNOWN,bir1dd052,400-2500,,v1.0,1.0,True
OLI030,11,Olivine,RELAB,UNKNOWN,bir1dd053,400-2500,,v1.0,1.0,True
OLI031,11,Olivine,RELAB,UNKNOWN,bir1dd054,400-2500,,v1.0,1.0,True
OLI032,11,Olivine,RELAB,UNKNOWN,bir1dd060,400-2500,,v1.0,1.0,True
OLI033,11,Olivine,RELAB,UNKNOWN,bir1dd062,400-2500,,v1.0,1.0,True
OLI034,11,Olivine,RELAB,UNKNOWN,bir1dd065,400-2500,,v1.0,1.0,True
OLI035,11,Olivine,RELAB,UNKNOWN,bir1dd066,400-2500,,v1.0,1.0,True
OLI036,11,Olivine,RELAB,UNKNOWN,bir1dd076,400-2500,,v1.0,1.0,True
OLI037,11,Olivine,RELAB,UNKNOWN,bir1dd077,400-2500,,v1.0,1.0,True
OLI038,11,Olivine,RELAB,UNKNOWN,bir1dd078,400-2500,,v1.0,1.0,True
OLI039,11,Olivine,RELAB,UNKNOWN,bir1dd079,400-2500,,v1.0,1.0,True
OLI040,11,Olivine,RELAB,UNKNOWN,bir1dd080,400-2500,,v1.0,1.0,True
OLI041,11,Olivine,RELAB,UNKNOWN,bir1dd083,400-2500,,v1.0,1.0,True
OLI042,11,Olivine,RELAB,UNKNOWN,bir1dd084,400-2500,,v1.0,1.0,True
OLI043,11,Olivine,RELAB,UNKNOWN,bir1dd099,400-2500,,v1.0,1.0,True
OLI044,11,Olivine,RELAB,UNKNOWN,bir1dd100,400-2500,,v1.0,1.0,True
OLI045,11,Olivine,RELAB,UNKNOWN,bir1dd101,400-2500,,v1.0,1.0,True
OLI046,11,Olivine,RELAB,UNKNOWN,bir1dd109,400-2500,,v1.0,1.0,True
OLI047,11,Olivine,RELAB,UNKNOWN,bir1dd121,400-2500,,v1.0,1.0,True
OLI048,11,Olivine,RELAB,UNKNOWN,bir1dd122,400-2500,,v1.0,1.0,True
OLI049,11,Olivine,RELAB,UNKNOWN,bir2be081,400-2500,,v1.0,1.0,True
OLI050,11,Olivine,RELAB,UNKNOWN,bir2be082,400-2500,,v1.0,1.0,True
OLI051,11,Olivine,RELAB,UNKNOWN,bir2dd002,400-2500,,v1.0,1.0,True
OLI052,11,Olivine,RELAB,UNKNOWN,bir2dd018,400-2500,,v1.0,1.0,True
OLI053,11,Olivine,RELAB,UNKNOWN,bir3be082,400-2500,,v1.0,1.0,True
OLI054,11,Olivine,RELAB,UNKNOWN,bmr1ck001,400-2500,,v1.0,1.0,True
OLI055,11,Olivine,RELAB,UNKNOWN,bmr1ck002,400-2500,,v1.0,1.0,True
OLI056,11,Olivine,RELAB,UNKNOWN,bmr1ck058,400-2500,,v1.0,1.0,True
OLI057,11,Olivine,RELAB,UNKNOWN,bmr1ck067,400-2500,,v1.0,1.0,True
OLI058,11,Olivine,RELAB,UNKNOWN,bmr1ef003a,400-2500,,v1.0,1.0,True
OLI059,11,Olivine,RELAB,UNKNOWN,bmr1ef003b,400-2500,,v1.0,1.0,True
OLI060,11,Olivine,RELAB,UNKNOWN,bmr1ef003c,400-2500,,v1.0,1.0,True
OLI061,11,Olivine,RELAB,UNKNOWN,bmr1ef003d,400-2500,,v1.0,1.0,True
OLI062,11,Olivine,RELAB,UNKNOWN,bmr1ef003e,400-2500,,v1.0,1.0,True
OLI063,11,Olivine,RELAB,UNKNOWN,bmr1ef003f,400-2500,,v1.0,1.0,True
OLI064,11,Olivine,RELAB,UNKNOWN,bmr1kk001,400-2500,,v1.0,1.0,True
OLI065,11,Olivine,RELAB,UNKNOWN,bmr1kk002,400-2500,,v1.0,1.0,True
OLI066,11,Olivine,RELAB,UNKNOWN,bmr1kk003,400-2500,,v1.0,1.0,True
OLI067,11,Olivine,RELAB,UNKNOWN,c1ag08,400-2500,,v1.0,1.0,True
OLI068,11,Olivine,RELAB,UNKNOWN,c1ag09,400-2500,,v1.0,1.0,True
OLI069,11,Olivine,RELAB,UNKNOWN,c1ag10,400-2500,,v1.0,1.0,True
OLI070,11,Olivine,RELAB,UNKNOWN,c1ag11,400-2500,,v1.0,1.0,True
OLI071,11,Olivine,RELAB,UNKNOWN,c1ao01,400-2500,,v1.0,1.0,True
OLI072,11,Olivine,RELAB,UNKNOWN,c1ao02,400-2500,,v1.0,1.0,True
OLI073,11,Olivine,RELAB,UNKNOWN,c1ao10,400-2500,,v1.0,1.0,True
OLI074,11,Olivine,RELAB,UNKNOWN,c1ao11,400-2500,,v1.0,1.0,True
OLI075,11,Olivine,RELAB,UNKNOWN,c1be164,400-2500,,v1.0,1.0,True
OLI076,11,Olivine,RELAB,UNKNOWN,c1be168,400-2500,,v1.0,1.0,True
OLI077,11,Olivine,RELAB,UNKNOWN,c1be17,400-2500,,v1.0,1.0,True
OLI078,11,Olivine,RELAB,UNKNOWN,c1be21,400-2500,,v1.0,1.0,True
OLI079,11,Olivine,RELAB,UNKNOWN,c1be25,400-2500,,v1.0,1.0,True
OLI080,11,Olivine,RELAB,UNKNOWN,c1be28,400-2500,,v1.0,1.0,True
OLI081,11,Olivine,RELAB,UNKNOWN,c1be29,400-2500,,v1.0,1.0,True
OLI082,11,Olivine,RELAB,UNKNOWN,c1be80,400-2500,,v1.0,1.0,True
OLI083,11,Olivine,RELAB,UNKNOWN,c1be81,400-2500,,v1.0,1.0,True
OLI084,11,Olivine,RELAB,UNKNOWN,c1be82,400-2500,,v1.0,1.0,True
OLI085,11,Olivine,RELAB,UNKNOWN,c1be83,400-2500,,v1.0,1.0,True
OLI086,11,Olivine,RELAB,UNKNOWN,c1be84,400-2500,,v1.0,1.0,True
OLI087,11,Olivine,RELAB,UNKNOWN,c1be85,400-2500,,v1.0,1.0,True
OLI088,11,Olivine,RELAB,UNKNOWN,c1be86,400-2500,,v1.0,1.0,True
OLI089,11,Olivine,RELAB,UNKNOWN,c1be87,400-2500,,v1.0,1.0,True
OLI090,11,Olivine,RELAB,UNKNOWN,c1be88,400-2500,,v1.0,1.0,True
OLI091,11,Olivine,RELAB,UNKNOWN,c1ck01,400-2500,,v1.0,1.0,True
OLI092,11,Olivine,RELAB,UNKNOWN,c1ck02,400-2500,,v1.0,1.0,True
OLI093,11,Olivine,RELAB,UNKNOWN,c1ck67,400-2500,,v1.0,1.0,True
OLI094,11,Olivine,RELAB,UNKNOWN,c1dd01,400-2500,,v1.0,1.0,True
OLI095,11,Olivine,RELAB,UNKNOWN,c1dd02,400-2500,,v1.0,1.0,True
OLI096,11,Olivine,RELAB,UNKNOWN,c1dd09,400-2500,,v1.0,1.0,True
OLI097,11,Olivine,RELAB,UNKNOWN,c1dd12,400-2500,,v1.0,1.0,True
OLI098,11,Olivine,RELAB,UNKNOWN,c1dd14,400-2500,,v1.0,1.0,True
OLI099,11,Olivine,RELAB,UNKNOWN,c1dd18,400-2500,,v1.0,1.0,True
OLI100,11,Olivine,RELAB,UNKNOWN,c1dd32,400-2500,,v1.0,1.0,True
ORT001,15,Orthoclase,RRUFF,Raman,R040055,400-2500,,v1.0,1.0,True
ORT002,15,Orthoclase,RRUFF,Raman,R050185,400-2500,,v1.0,1.0,True
ORT003,15,Orthoclase,RRUFF,Raman,R050367,400-2500,,v1.0,1.0,True
ORT004,15,Orthoclase,RRUFF,Raman,R060077,400-2500,,v1.0,1.0,True
ORT005,15,Orthoclase,RRUFF,Raman,R070001,400-2500,,v1.0,1.0,True
ORT006,15,Orthoclase,RRUFF,Raman,R150014,400-2500,,v1.0,1.0,True
ORT007,15,Orthoclase,RRUFF,Raman,Orthoclase,400-2500,,v1.0,1.0,True
ORT008,15,Orthoclase,RELAB,UNKNOWN,bir1sr066,400-2500,,v1.0,1.0,True
ORT009,15,Orthoclase,RELAB,UNKNOWN,bir1sr066a,400-2500,,v1.0,1.0,True
ORT010,15,Orthoclase,RELAB,UNKNOWN,bir1yy002,400-2500,,v1.0,1.0,True
ORT011,15,Orthoclase,RELAB,UNKNOWN,c1pk01,400-2500,,v1.0,1.0,True
ORT012,15,Orthoclase,RELAB,UNKNOWN,c1sd04,400-2500,,v1.0,1.0,True
ORT013,15,Orthoclase,RELAB,UNKNOWN,c1sr66,400-2500,,v1.0,1.0,True
ORT014,15,Orthoclase,RELAB,UNKNOWN,c1sr66a,400-2500,,v1.0,1.0,True
ORT015,15,Orthoclase,RELAB,UNKNOWN,c1yy02,400-2500,,v1.0,1.0,True
ORT016,15,Orthoclase,RELAB,UNKNOWN,c2sd04,400-2500,,v1.0,1.0,True
ORT017,15,Orthoclase,RELAB,UNKNOWN,c3sd04,400-2500,,v1.0,1.0,True
ORT018,15,Orthoclase,USGS,ASD,GDS57,400-2500,,v1.0,1.0,True
ORT019,15,Orthoclase,USGS,ASD,NMNH113188,400-2500,,v1.0,1.0,True
ORT020,15,Orthoclase,USGS,ASD,NMNH142137,400-2500,,v1.0,1.0,True
ORT021,15,Orthoclase,USGS,ASD,AV00,400-2500,,v1.0,1.0,True
ORT022,15,Orthoclase,USGS,ASD,AV01,400-2500,,v1.0,1.0,True
ORT023,15,Orthoclase,USGS,ASD,AV05,400-2500,,v1.0,1.0,True
ORT024,15,Orthoclase,USGS,ASD,AV06,400-2500,,v1.0,1.0,True
ORT025,15,Orthoclase,USGS,ASD,AV09,400-2500,,v1.0,1.0,True
ORT026,15,Orthoclase,USGS,ASD,AV10,400-2500,,v1.0,1.0,True
ORT027,15,Orthoclase,USGS,ASD,AV11,400-2500,,v1.0,1.0,True
ORT028,15,Orthoclase,USGS,ASD,AV12,400-2500,,v1.0,1.0,True
ORT029,15,Orthoclase,USGS,ASD,AV13,400-2500,,v1.0,1.0,True
ORT030,15,Orthoclase,USGS,ASD,AV14,400-2500,,v1.0,1.0,True
ORT031,15,Orthoclase,USGS,ASD,AV95,400-2500,,v1.0,1.0,True
ORT032,15,Orthoclase,USGS,ASD,AV96,400-2500,,v1.0,1.0,True
ORT033,15,Orthoclase,USGS,ASD,AV97,400-2500,,v1.0,1.0,True
ORT034,15,Orthoclase,USGS,ASD,AV98,400-2500,,v1.0,1.0,True
ORT035,15,Orthoclase,USGS,ASD,AV99,400-2500,,v1.0,1.0,True
ORT036,15,Orthoclase,USGS,ASD,HY07,400-2500,,v1.0,1.0,True
ORT037,15,Orthoclase,USGS,ASD,HY14,400-2500,,v1.0,1.0,True
ORT038,15,Orthoclase,USGS,ASD,M3t,400-2500,,v1.0,1.0,True
PYR001,2,Pyrope,RRUFF,Raman,R040159,400-2500,,v1.0,1.0,True
PYR002,2,Pyrope,RRUFF,Raman,R050112,400-2500,,v1.0,1.0,True
PYR003,2,Pyrope,RRUFF,Raman,R050113,400-2500,,v1.0,1.0,True
PYR004,2,Pyrope,RRUFF,Raman,R050446,400-2500,,v1.0,1.0,True
PYR005,2,Pyrope,RRUFF,Raman,R060441,400-2500,,v1.0,1.0,True
PYR006,2,Pyrope,RRUFF,Raman,R060445,400-2500,,v1.0,1.0,True
PYR007,2,Pyrope,RRUFF,Raman,R060448,400-2500,,v1.0,1.0,True
PYR008,2,Pyrope,RRUFF,Raman,R070637,400-2500,,v1.0,1.0,True
PYR009,2,Pyrope,RRUFF,Raman,R080060,400-2500,,v1.0,1.0,True
PYR010,2,Pyrope,RRUFF,Raman,R100153,400-2500,,v1.0,1.0,True
PYR011,2,Pyrope,RRUFF,Raman,Pyrope,400-2500,,v1.0,1.0,True
PYR012,2,Pyrope,RELAB,UNKNOWN,c1sm67,400-2500,,v1.0,1.0,True
PYR013,2,Pyrope,RELAB,UNKNOWN,c1sm74,400-2500,,v1.0,1.0,True
PYR014,2,Pyrope,RELAB,UNKNOWN,s1sm67,400-2500,,v1.0,1.0,True
QUA001,12,Quartz,RELAB,UNKNOWN,bir1cz001,400-2500,,v1.0,1.0,True
QUA002,12,Quartz,RELAB,UNKNOWN,bir1cz002,400-2500,,v1.0,1.0,True
QUA003,12,Quartz,RELAB,UNKNOWN,bir1cz002cf,400-2500,,v1.0,1.0,True
QUA004,12,Quartz,RELAB,UNKNOWN,bir1ev002,400-2500,,v1.0,1.0,True
QUA005,12,Quartz,RELAB,UNKNOWN,bir1ev002cf,400-2500,,v1.0,1.0,True
QUA006,12,Quartz,RELAB,UNKNOWN,bir1ev003,400-2500,,v1.0,1.0,True
QUA007,12,Quartz,RELAB,UNKNOWN,bir1ev003cf,400-2500,,v1.0,1.0,True
QUA008,12,Quartz,RELAB,UNKNOWN,bir1ev005,400-2500,,v1.0,1.0,True
QUA009,12,Quartz,RELAB,UNKNOWN,bir1ev005cf,400-2500,,v1.0,1.0,True
QUA010,12,Quartz,RELAB,UNKNOWN,bir1ev006,400-2500,,v1.0,1.0,True
QUA011,12,Quartz,RELAB,UNKNOWN,bir1ev006cf,400-2500,,v1.0,1.0,True
QUA012,12,Quartz,RELAB,UNKNOWN,bir1ev009,400-2500,,v1.0,1.0,True
QUA013,12,Quartz,RELAB,UNKNOWN,bir1ev009cf,400-2500,,v1.0,1.0,True
QUA014,12,Quartz,RELAB,UNKNOWN,bir1ev010,400-2500,,v1.0,1.0,True
QUA015,12,Quartz,RELAB,UNKNOWN,bir1ev010cf,400-2500,,v1.0,1.0,True
QUA016,12,Quartz,RELAB,UNKNOWN,bir1ev011,400-2500,,v1.0,1.0,True
QUA017,12,Quartz,RELAB,UNKNOWN,bir1ev011cf,400-2500,,v1.0,1.0,True
QUA018,12,Quartz,RELAB,UNKNOWN,bir1ev012,400-2500,,v1.0,1.0,True
QUA019,12,Quartz,RELAB,UNKNOWN,bir1ev012cf,400-2500,,v1.0,1.0,True
QUA020,12,Quartz,RELAB,UNKNOWN,bir1ev013,400-2500,,v1.0,1.0,True
QUA021,12,Quartz,RELAB,UNKNOWN,bir1ev013cf,400-2500,,v1.0,1.0,True
QUA022,12,Quartz,RELAB,UNKNOWN,bir1ev016,400-2500,,v1.0,1.0,True
QUA023,12,Quartz,RELAB,UNKNOWN,bir1ev016cf,400-2500,,v1.0,1.0,True
QUA024,12,Quartz,RELAB,UNKNOWN,bir1ev017,400-2500,,v1.0,1.0,True
QUA025,12,Quartz,RELAB,UNKNOWN,bir1ev017cf,400-2500,,v1.0,1.0,True
QUA026,12,Quartz,RELAB,UNKNOWN,bir1ev019,400-2500,,v1.0,1.0,True
QUA027,12,Quartz,RELAB,UNKNOWN,bir1ev019cf,400-2500,,v1.0,1.0,True
QUA028,12,Quartz,RELAB,UNKNOWN,bir1ev021,400-2500,,v1.0,1.0,True
QUA029,12,Quartz,RELAB,UNKNOWN,bir1ev021cf,400-2500,,v1.0,1.0,True
QUA030,12,Quartz,RELAB,UNKNOWN,bir1ev025,400-2500,,v1.0,1.0,True
QUA031,12,Quartz,RELAB,UNKNOWN,bir1ev025cf,400-2500,,v1.0,1.0,True
QUA032,12,Quartz,RELAB,UNKNOWN,bir1ev026,400-2500,,v1.0,1.0,True
QUA033,12,Quartz,RELAB,UNKNOWN,bir1ev026cf,400-2500,,v1.0,1.0,True
QUA034,12,Quartz,RELAB,UNKNOWN,bir1ev027,400-2500,,v1.0,1.0,True
QUA035,12,Quartz,RELAB,UNKNOWN,bir1ev027cf,400-2500,,v1.0,1.0,True
QUA036,12,Quartz,RELAB,UNKNOWN,bir1jbe65a,400-2500,,v1.0,1.0,True
QUA037,12,Quartz,RELAB,UNKNOWN,bmr1dh003,400-2500,,v1.0,1.0,True
QUA038,12,Quartz,RELAB,UNKNOWN,c1cy13,400-2500,,v1.0,1.0,True
QUA039,12,Quartz,RELAB,UNKNOWN,c1cz01,400-2500,,v1.0,1.0,True
QUA040,12,Quartz,RELAB,UNKNOWN,c1cz02,400-2500,,v1.0,1.0,True
QUA041,12,Quartz,RELAB,UNKNOWN,c1cz02cf,400-2500,,v1.0,1.0,True
QUA042,12,Quartz,RELAB,UNKNOWN,c1dh03,400-2500,,v1.0,1.0,True
QUA043,12,Quartz,RELAB,UNKNOWN,c1ev02,400-2500,,v1.0,1.0,True
QUA044,12,Quartz,RELAB,UNKNOWN,c1ev02cf,400-2500,,v1.0,1.0,True
QUA045,12,Quartz,RELAB,UNKNOWN,c1ev03,400-2500,,v1.0,1.0,True
QUA046,12,Quartz,RELAB,UNKNOWN,c1ev03cf,400-2500,,v1.0,1.0,True
QUA047,12,Quartz,RELAB,UNKNOWN,c1ev05,400-2500,,v1.0,1.0,True
QUA048,12,Quartz,RELAB,UNKNOWN,c1ev05cf,400-2500,,v1.0,1.0,True
QUA049,12,Quartz,RELAB,UNKNOWN,c1ev06,400-2500,,v1.0,1.0,True
QUA050,12,Quartz,RELAB,UNKNOWN,c1ev06cf,400-2500,,v1.0,1.0,True
QUA051,12,Quartz,RELAB,UNKNOWN,c1ev09,400-2500,,v1.0,1.0,True
QUA052,12,Quartz,RELAB,UNKNOWN,c1ev09cf,400-2500,,v1.0,1.0,True
QUA053,12,Quartz,RELAB,UNKNOWN,c1ev10,400-2500,,v1.0,1.0,True
QUA054,12,Quartz,RELAB,UNKNOWN,c1ev10cf,400-2500,,v1.0,1.0,True
QUA055,12,Quartz,RELAB,UNKNOWN,c1ev11,400-2500,,v1.0,1.0,True
QUA056,12,Quartz,RELAB,UNKNOWN,c1ev11cf,400-2500,,v1.0,1.0,True
QUA057,12,Quartz,RELAB,UNKNOWN,c1ev12,400-2500,,v1.0,1.0,True
QUA058,12,Quartz,RELAB,UNKNOWN,c1ev12cf,400-2500,,v1.0,1.0,True
QUA059,12,Quartz,RELAB,UNKNOWN,c1ev13,400-2500,,v1.0,1.0,True
QUA060,12,Quartz,RELAB,UNKNOWN,c1ev13cf,400-2500,,v1.0,1.0,True
QUA061,12,Quartz,RELAB,UNKNOWN,c1ev16,400-2500,,v1.0,1.0,True
QUA062,12,Quartz,RELAB,UNKNOWN,c1ev16cf,400-2500,,v1.0,1.0,True
QUA063,12,Quartz,RELAB,UNKNOWN,c1ev17,400-2500,,v1.0,1.0,True
QUA064,12,Quartz,RELAB,UNKNOWN,c1ev17cf,400-2500,,v1.0,1.0,True
QUA065,12,Quartz,RELAB,UNKNOWN,c1ev19,400-2500,,v1.0,1.0,True
QUA066,12,Quartz,RELAB,UNKNOWN,c1ev19cf,400-2500,,v1.0,1.0,True
QUA067,12,Quartz,RELAB,UNKNOWN,c1ev21,400-2500,,v1.0,1.0,True
QUA068,12,Quartz,RELAB,UNKNOWN,c1ev21cf,400-2500,,v1.0,1.0,True
QUA069,12,Quartz,RELAB,UNKNOWN,c1ev25,400-2500,,v1.0,1.0,True
QUA070,12,Quartz,RELAB,UNKNOWN,c1ev25cf,400-2500,,v1.0,1.0,True
QUA071,12,Quartz,RELAB,UNKNOWN,c1ev26,400-2500,,v1.0,1.0,True
QUA072,12,Quartz,RELAB,UNKNOWN,c1ev26cf,400-2500,,v1.0,1.0,True
QUA073,12,Quartz,RELAB,UNKNOWN,c1ev27,400-2500,,v1.0,1.0,True
QUA074,12,Quartz,RELAB,UNKNOWN,c1ev27cf,400-2500,,v1.0,1.0,True
QUA075,12,Quartz,RELAB,UNKNOWN,c1fb10,400-2500,,v1.0,1.0,True
QUA076,12,Quartz,RELAB,UNKNOWN,c1fb48,400-2500,,v1.0,1.0,True
QUA077,12,Quartz,RELAB,UNKNOWN,c1jb140,400-2500,,v1.0,1.0,True
QUA078,12,Quartz,RELAB,UNKNOWN,c1jb141,400-2500,,v1.0,1.0,True
QUA079,12,Quartz,RELAB,UNKNOWN,c1jb142,400-2500,,v1.0,1.0,True
QUA080,12,Quartz,RELAB,UNKNOWN,c1jb143,400-2500,,v1.0,1.0,True
QUA081,12,Quartz,RELAB,UNKNOWN,c1jb144,400-2500,,v1.0,1.0,True
QUA082,12,Quartz,RELAB,UNKNOWN,c1jb145,400-2500,,v1.0,1.0,True
QUA083,12,Quartz,RELAB,UNKNOWN,c1jb146,400-2500,,v1.0,1.0,True
QUA084,12,Quartz,RELAB,UNKNOWN,c1jb147,400-2500,,v1.0,1.0,True
QUA085,12,Quartz,RELAB,UNKNOWN,c1jb148,400-2500,,v1.0,1.0,True
QUA086,12,Quartz,RELAB,UNKNOWN,c1jb149,400-2500,,v1.0,1.0,True
QUA087,12,Quartz,RELAB,UNKNOWN,c1jb150,400-2500,,v1.0,1.0,True
QUA088,12,Quartz,RELAB,UNKNOWN,c1jb151,400-2500,,v1.0,1.0,True
QUA089,12,Quartz,RELAB,UNKNOWN,c1jb152,400-2500,,v1.0,1.0,True
QUA090,12,Quartz,RELAB,UNKNOWN,c1jb153,400-2500,,v1.0,1.0,True
QUA091,12,Quartz,RELAB,UNKNOWN,c1jb154,400-2500,,v1.0,1.0,True
QUA092,12,Quartz,RELAB,UNKNOWN,c1jb155,400-2500,,v1.0,1.0,True
QUA093,12,Quartz,RELAB,UNKNOWN,c1jb156,400-2500,,v1.0,1.0,True
QUA094,12,Quartz,RELAB,UNKNOWN,c1jb593,400-2500,,v1.0,1.0,True
QUA095,12,Quartz,RELAB,UNKNOWN,c1jb594,400-2500,,v1.0,1.0,True
QUA096,12,Quartz,RELAB,UNKNOWN,c1jb619a,400-2500,,v1.0,1.0,True
QUA097,12,Quartz,RELAB,UNKNOWN,c1jb619b,400-2500,,v1.0,1.0,True
QUA098,12,Quartz,RELAB,UNKNOWN,c2fb10,400-2500,,v1.0,1.0,True
QUA099,12,Quartz,RELAB,UNKNOWN,nafb262,400-2500,,v1.0,1.0,True
QUA100,12,Quartz,RELAB,UNKNOWN,nafb48,400-2500,,v1.0,1.0,True
RUT001,5,Rutile,RRUFF,Raman,R070714,400-2500,,v1.0,1.0,True
RUT002,5,Rutile,RRUFF,Raman,R040049,400-2500,,v1.0,1.0,True
RUT003,5,Rutile,RRUFF,Raman,R050031,400-2500,,v1.0,1.0,True
RUT004,5,Rutile,RRUFF,Raman,R050417,400-2500,,v1.0,1.0,True
RUT005,5,Rutile,RRUFF,Raman,R060493,400-2500,,v1.0,1.0,True
RUT006,5,Rutile,RRUFF,Raman,R060745,400-2500,,v1.0,1.0,True
RUT007,5,Rutile,RRUFF,Raman,R110109,400-2500,,v1.0,1.0,True
RUT008,5,Rutile,RRUFF,Raman,R120008,400-2500,,v1.0,1.0,True
RUT009,5,Rutile,RELAB,UNKNOWN,bir1qq002,400-2500,,v1.0,1.0,True
RUT010,5,Rutile,RELAB,UNKNOWN,bir1qq002cf,400-2500,,v1.0,1.0,True
RUT011,5,Rutile,RELAB,UNKNOWN,bir1qq003cf,400-2500,,v1.0,1.0,True
RUT012,5,Rutile,RELAB,UNKNOWN,bir1qq004,400-2500,,v1.0,1.0,True
RUT013,5,Rutile,RELAB,UNKNOWN,bir1qq004cf,400-2500,,v1.0,1.0,True
RUT014,5,Rutile,RELAB,UNKNOWN,bir1qq006cf,400-2500,,v1.0,1.0,True
RUT015,5,Rutile,RELAB,UNKNOWN,bir1qq007cf,400-2500,,v1.0,1.0,True
RUT016,5,Rutile,RELAB,UNKNOWN,bir1th007cf,400-2500,,v1.0,1.0,True
RUT017,5,Rutile,RELAB,UNKNOWN,bir1th009cf,400-2500,,v1.0,1.0,True
RUT018,5,Rutile,RELAB,UNKNOWN,bir1th012cf,400-2500,,v1.0,1.0,True
RUT019,5,Rutile,RELAB,UNKNOWN,c1mr130,400-2500,,v1.0,1.0,True
RUT020,5,Rutile,RELAB,UNKNOWN,c1pr01,400-2500,,v1.0,1.0,True
RUT021,5,Rutile,RELAB,UNKNOWN,c1pr02,400-2500,,v1.0,1.0,True
RUT022,5,Rutile,RELAB,UNKNOWN,c1qq02,400-2500,,v1.0,1.0,True
RUT023,5,Rutile,RELAB,UNKNOWN,c1qq02cf,400-2500,,v1.0,1.0,True
RUT024,5,Rutile,RELAB,UNKNOWN,c1qq03cf,400-2500,,v1.0,1.0,True
RUT025,5,Rutile,RELAB,UNKNOWN,c1qq04,400-2500,,v1.0,1.0,True
RUT026,5,Rutile,RELAB,UNKNOWN,c1qq04cf,400-2500,,v1.0,1.0,True
RUT027,5,Rutile,RELAB,UNKNOWN,c1qq06cf,400-2500,,v1.0,1.0,True
RUT028,5,Rutile,RELAB,UNKNOWN,c1qq07cf,400-2500,,v1.0,1.0,True
RUT029,5,Rutile,RELAB,UNKNOWN,c1th07cf,400-2500,,v1.0,1.0,True
RUT030,5,Rutile,RELAB,UNKNOWN,c1th09cf,400-2500,,v1.0,1.0,True
RUT031,5,Rutile,RELAB,UNKNOWN,c1th12cf,400-2500,,v1.0,1.0,True
RUT032,5,Rutile,RELAB,UNKNOWN,c2pr02,400-2500,,v1.0,1.0,True
RUT033,5,Rutile,RELAB,UNKNOWN,c2xm08,400-2500,,v1.0,1.0,True
RUT034,5,Rutile,RELAB,UNKNOWN,caec08,400-2500,,v1.0,1.0,True
RUT035,5,Rutile,USGS,ASD,HS126.3B,400-2500,,v1.0,1.0,True
RUT036,5,Rutile,USGS,ASD,AV00,400-2500,,v1.0,1.0,True
RUT037,5,Rutile,USGS,ASD,AV01,400-2500,,v1.0,1.0,True
RUT038,5,Rutile,USGS,ASD,AV05,400-2500,,v1.0,1.0,True
RUT039,5,Rutile,USGS,ASD,AV06,400-2500,,v1.0,1.0,True
RUT040,5,Rutile,USGS,ASD,AV09,400-2500,,v1.0,1.0,True
RUT041,5,Rutile,USGS,ASD,AV10,400-2500,,v1.0,1.0,True
RUT042,5,Rutile,USGS,ASD,AV11,400-2500,,v1.0,1.0,True
RUT043,5,Rutile,USGS,ASD,AV12,400-2500,,v1.0,1.0,True
RUT044,5,Rutile,USGS,ASD,AV13,400-2500,,v1.0,1.0,True
RUT045,5,Rutile,USGS,ASD,AV14,400-2500,,v1.0,1.0,True
RUT046,5,Rutile,USGS,ASD,AV95,400-2500,,v1.0,1.0,True
RUT047,5,Rutile,USGS,ASD,AV96,400-2500,,v1.0,1.0,True
RUT048,5,Rutile,USGS,ASD,AV97,400-2500,,v1.0,1.0,True
RUT049,5,Rutile,USGS,ASD,AV98,400-2500,,v1.0,1.0,True
RUT050,5,Rutile,USGS,ASD,AV99,400-2500,,v1.0,1.0,True
RUT051,5,Rutile,USGS,ASD,HY07,400-2500,,v1.0,1.0,True
RUT052,5,Rutile,USGS,ASD,HY14,400-2500,,v1.0,1.0,True
RUT053,5,Rutile,USGS,ASD,M3t,400-2500,,v1.0,1.0,True
SPI001,4,Spinel,RELAB,UNKNOWN,bir1jg014,400-2500,,v1.0,1.0,True
SPI002,4,Spinel,RELAB,UNKNOWN,bir1jg015,400-2500,,v1.0,1.0,True
SPI003,4,Spinel,RELAB,UNKNOWN,bir1jg016,400-2500,,v1.0,1.0,True
SPI004,4,Spinel,RELAB,UNKNOWN,bir1jg017,400-2500,,v1.0,1.0,True
SPI005,4,Spinel,RELAB,UNKNOWN,bir1jg018,400-2500,,v1.0,1.0,True
SPI006,4,Spinel,RELAB,UNKNOWN,bir1jg019,400-2500,,v1.0,1.0,True
SPI007,4,Spinel,RELAB,UNKNOWN,bir1jg020,400-2500,,v1.0,1.0,True
SPI008,4,Spinel,RELAB,UNKNOWN,bir1jg021,400-2500,,v1.0,1.0,True
SPI009,4,Spinel,RELAB,UNKNOWN,bir1mx084c,400-2500,,v1.0,1.0,True
SPI010,4,Spinel,RELAB,UNKNOWN,bir1mx085c,400-2500,,v1.0,1.0,True
SPI011,4,Spinel,RELAB,UNKNOWN,bir1mx086c,400-2500,,v1.0,1.0,True
SPI012,4,Spinel,RELAB,UNKNOWN,bir1mx086g,400-2500,,v1.0,1.0,True
SPI013,4,Spinel,RELAB,UNKNOWN,bir1mx086h,400-2500,,v1.0,1.0,True
SPI014,4,Spinel,RELAB,UNKNOWN,bir1mx087c,400-2500,,v1.0,1.0,True
SPI015,4,Spinel,RELAB,UNKNOWN,bir1mx088c,400-2500,,v1.0,1.0,True
SPI016,4,Spinel,RELAB,UNKNOWN,bir1mx089c,400-2500,,v1.0,1.0,True
SPI017,4,Spinel,RELAB,UNKNOWN,bir1mx090c,400-2500,,v1.0,1.0,True
SPI018,4,Spinel,RELAB,UNKNOWN,bir1mx091c,400-2500,,v1.0,1.0,True
SPI019,4,Spinel,RELAB,UNKNOWN,bir1mx092c,400-2500,,v1.0,1.0,True
SPI020,4,Spinel,RELAB,UNKNOWN,bir1mx093c,400-2500,,v1.0,1.0,True
SPI021,4,Spinel,RELAB,UNKNOWN,bir1mx094c,400-2500,,v1.0,1.0,True
SPI022,4,Spinel,RELAB,UNKNOWN,bir1mx097c,400-2500,,v1.0,1.0,True
SPI023,4,Spinel,RELAB,UNKNOWN,c1fb12,400-2500,,v1.0,1.0,True
SPI024,4,Spinel,RELAB,UNKNOWN,c1jg14,400-2500,,v1.0,1.0,True
SPI025,4,Spinel,RELAB,UNKNOWN,c1jg15,400-2500,,v1.0,1.0,True
SPI026,4,Spinel,RELAB,UNKNOWN,c1jg16,400-2500,,v1.0,1.0,True
SPI027,4,Spinel,RELAB,UNKNOWN,c1jg17,400-2500,,v1.0,1.0,True
SPI028,4,Spinel,RELAB,UNKNOWN,c1jg18,400-2500,,v1.0,1.0,True
SPI029,4,Spinel,RELAB,UNKNOWN,c1jg19,400-2500,,v1.0,1.0,True
SPI030,4,Spinel,RELAB,UNKNOWN,c1jg20,400-2500,,v1.0,1.0,True
SPI031,4,Spinel,RELAB,UNKNOWN,c1jg21,400-2500,,v1.0,1.0,True
SPI032,4,Spinel,RELAB,UNKNOWN,c1ls08,400-2500,,v1.0,1.0,True
SPI033,4,Spinel,RELAB,UNKNOWN,c1ls13,400-2500,,v1.0,1.0,True
SPI034,4,Spinel,RELAB,UNKNOWN,c1mm31,400-2500,,v1.0,1.0,True
SPI035,4,Spinel,RELAB,UNKNOWN,c1mm40,400-2500,,v1.0,1.0,True
SPI036,4,Spinel,RELAB,UNKNOWN,c1mm41,400-2500,,v1.0,1.0,True
SPI037,4,Spinel,RELAB,UNKNOWN,c1mr04,400-2500,,v1.0,1.0,True
SPI038,4,Spinel,RELAB,UNKNOWN,c1mt68,400-2500,,v1.0,1.0,True
SPI039,4,Spinel,RELAB,UNKNOWN,c1mt69,400-2500,,v1.0,1.0,True
SPI040,4,Spinel,RELAB,UNKNOWN,c1mt70,400-2500,,v1.0,1.0,True
SPI041,4,Spinel,RELAB,UNKNOWN,c1mt71,400-2500,,v1.0,1.0,True
SPI042,4,Spinel,RELAB,UNKNOWN,c1mt72,400-2500,,v1.0,1.0,True
SPI043,4,Spinel,RELAB,UNKNOWN,c1mt73,400-2500,,v1.0,1.0,True
SPI044,4,Spinel,RELAB,UNKNOWN,c1mt74,400-2500,,v1.0,1.0,True
SPI045,4,Spinel,RELAB,UNKNOWN,c1mx84c2,400-2500,,v1.0,1.0,True
SPI046,4,Spinel,RELAB,UNKNOWN,c1mx85c2,400-2500,,v1.0,1.0,True
SPI047,4,Spinel,RELAB,UNKNOWN,c1mx86c2,400-2500,,v1.0,1.0,True
SPI048,4,Spinel,RELAB,UNKNOWN,c1mx86g,400-2500,,v1.0,1.0,True
SPI049,4,Spinel,RELAB,UNKNOWN,c1mx86h,400-2500,,v1.0,1.0,True
SPI050,4,Spinel,RELAB,UNKNOWN,c1mx87c2,400-2500,,v1.0,1.0,True
SPI051,4,Spinel,RELAB,UNKNOWN,c1mx88c2,400-2500,,v1.0,1.0,True
SPI052,4,Spinel,RELAB,UNKNOWN,c1mx89c2,400-2500,,v1.0,1.0,True
SPI053,4,Spinel,RELAB,UNKNOWN,c1mx90c2,400-2500,,v1.0,1.0,True
SPI054,4,Spinel,RELAB,UNKNOWN,c1mx91c2,400-2500,,v1.0,1.0,True
SPI055,4,Spinel,RELAB,UNKNOWN,c1mx92c2,400-2500,,v1.0,1.0,True
SPI056,4,Spinel,RELAB,UNKNOWN,c1mx93c2,400-2500,,v1.0,1.0,True
SPI057,4,Spinel,RELAB,UNKNOWN,c1mx94c2,400-2500,,v1.0,1.0,True
SPI058,4,Spinel,RELAB,UNKNOWN,c1mx95c2,400-2500,,v1.0,1.0,True
SPI059,4,Spinel,RELAB,UNKNOWN,c1mx96c2,400-2500,,v1.0,1.0,True
SPI060,4,Spinel,RELAB,UNKNOWN,c1mx97c2,400-2500,,v1.0,1.0,True
SPI061,4,Spinel,RELAB,UNKNOWN,c2fb12,400-2500,,v1.0,1.0,True
SPI062,4,Spinel,RELAB,UNKNOWN,c2ls08,400-2500,,v1.0,1.0,True
SPI063,4,Spinel,RELAB,UNKNOWN,c2ls13,400-2500,,v1.0,1.0,True
SPI064,4,Spinel,RELAB,UNKNOWN,c3fb12,400-2500,,v1.0,1.0,True
SPI065,4,Spinel,RELAB,UNKNOWN,c3ls13,400-2500,,v1.0,1.0,True
SPI066,4,Spinel,RELAB,UNKNOWN,c4fb12,400-2500,,v1.0,1.0,True
SPI067,4,Spinel,RELAB,UNKNOWN,ca2ls8,400-2500,,v1.0,1.0,True
SPI068,4,Spinel,RELAB,UNKNOWN,camr04,400-2500,,v1.0,1.0,True
SPI069,4,Spinel,RELAB,UNKNOWN,cbmr04,400-2500,,v1.0,1.0,True
SPI070,4,Spinel,RELAB,UNKNOWN,ccmr04,400-2500,,v1.0,1.0,True
SPI071,4,Spinel,RELAB,UNKNOWN,cdmr04,400-2500,,v1.0,1.0,True
SPI072,4,Spinel,RELAB,UNKNOWN,cemr04,400-2500,,v1.0,1.0,True
SPI073,4,Spinel,RELAB,UNKNOWN,cjls13,400-2500,,v1.0,1.0,True
SPI074,4,Spinel,RELAB,UNKNOWN,ckls13,400-2500,,v1.0,1.0,True
SPI075,4,Spinel,RELAB,UNKNOWN,clls13,400-2500,,v1.0,1.0,True
SPI076,4,Spinel,RELAB,UNKNOWN,cmls13,400-2500,,v1.0,1.0,True
SPI077,4,Spinel,RELAB,UNKNOWN,cnls13,400-2500,,v1.0,1.0,True
SPI078,4,Spinel,RELAB,UNKNOWN,cols13,400-2500,,v1.0,1.0,True
SPI079,4,Spinel,RELAB,UNKNOWN,glue13,400-2500,,v1.0,1.0,True
SPI080,4,Spinel,RELAB,UNKNOWN,m1mm31,400-2500,,v1.0,1.0,True
SPI081,4,Spinel,RELAB,UNKNOWN,m1mm40,400-2500,,v1.0,1.0,True
SPI082,4,Spinel,RELAB,UNKNOWN,m1mm41,400-2500,,v1.0,1.0,True
SPI083,4,Spinel,RELAB,UNKNOWN,m2mm31,400-2500,,v1.0,1.0,True
SPI084,4,Spinel,RELAB,UNKNOWN,m2mm40,400-2500,,v1.0,1.0,True
SPI085,4,Spinel,RELAB,UNKNOWN,m2mm41,400-2500,,v1.0,1.0,True
SPI086,4,Spinel,RELAB,UNKNOWN,mamm31,400-2500,,v1.0,1.0,True
SPI087,4,Spinel,RELAB,UNKNOWN,mamm40,400-2500,,v1.0,1.0,True
SPI088,4,Spinel,RELAB,UNKNOWN,mamm41,400-2500,,v1.0,1.0,True
SPI089,4,Spinel,RELAB,UNKNOWN,nafb265,400-2500,,v1.0,1.0,True
SPI090,4,Spinel,RELAB,UNKNOWN,nafb81,400-2500,,v1.0,1.0,True
SPI091,4,Spinel,RELAB,UNKNOWN,nafb8p,400-2500,,v1.0,1.0,True
SPI092,4,Spinel,RELAB,UNKNOWN,s3ls13,400-2500,,v1.0,1.0,True
SPI093,4,Spinel,RELAB,UNKNOWN,sa2ls8,400-2500,,v1.0,1.0,True
SPI094,4,Spinel,RELAB,UNKNOWN,spindo,400-2500,,v1.0,1.0,True
SPI095,4,Spinel,RELAB,UNKNOWN,spinmo,400-2500,,v1.0,1.0,True
ZIR001,6,Zircon,RRUFF,Raman,R040142,400-2500,,v1.0,1.0,True
ZIR002,6,Zircon,RRUFF,Raman,R110112,400-2500,,v1.0,1.0,True
ZIR003,6,Zircon,RRUFF,Raman,Cubiczirconia,400-2500,,v1.0,1.0,True
ZIR004,6,Zircon,RRUFF,Raman,R050034,400-2500,,v1.0,1.0,True
ZIR005,6,Zircon,RRUFF,Raman,R050203,400-2500,,v1.0,1.0,True
ZIR006,6,Zircon,RRUFF,Raman,R050286,400-2500,,v1.0,1.0,True
ZIR007,6,Zircon,RRUFF,Raman,R050488,400-2500,,v1.0,1.0,True
ZIR008,6,Zircon,RRUFF,Raman,R100128,400-2500,,v1.0,1.0,True
ZIR009,6,Zircon,RRUFF,Raman,R100144,400-2500,,v1.0,1.0,True
ZIR010,6,Zircon,RRUFF,Raman,R150080,400-2500,,v1.0,1.0,True
ZIR011,6,Zircon,RRUFF,Raman,R150083,400-2500,,v1.0,1.0,True
ZIR012,6,Zircon,RRUFF,Raman,Zircon,400-2500,,v1.0,1.0,True
ZIR013,6,Zircon,USGS,ASD,WS522,400-2500,,v1.0,1.0,True
ZIR014,6,Zircon,USGS,ASD,AV00,400-2500,,v1.0,1.0,True
ZIR015,6,Zircon,USGS,ASD,AV01,400-2500,,v1.0,1.0,True
ZIR016,6,Zircon,USGS,ASD,AV05,400-2500,,v1.0,1.0,True
ZIR017,6,Zircon,USGS,ASD,AV06,400-2500,,v1.0,1.0,True
ZIR018,6,Zircon,USGS,ASD,AV09,400-2500,,v1.0,1.0,True
ZIR019,6,Zircon,USGS,ASD,AV10,400-2500,,v1.0,1.0,True
ZIR020,6,Zircon,USGS,ASD,AV11,400-2500,,v1.0,1.0,True
ZIR021,6,Zircon,USGS,ASD,AV12,400-2500,,v1.0,1.0,True
ZIR022,6,Zircon,USGS,ASD,AV13,400-2500,,v1.0,1.0,True
ZIR023,6,Zircon,USGS,ASD,AV14,400-2500,,v1.0,1.0,True
ZIR024,6,Zircon,USGS,ASD,AV95,400-2500,,v1.0,1.0,True
ZIR025,6,Zircon,USGS,ASD,AV96,400-2500,,v1.0,1.0,True
ZIR026,6,Zircon,USGS,ASD,AV97,400-2500,,v1.0,1.0,True
ZIR027,6,Zircon,USGS,ASD,AV98,400-2500,,v1.0,1.0,True
ZIR028,6,Zircon,USGS,ASD,AV99,400-2500,,v1.0,1.0,True
ZIR029,6,Zircon,USGS,ASD,HY07,400-2500,,v1.0,1.0,True
ZIR030,6,Zircon,USGS,ASD,HY14,400-2500,,v1.0,1.0,True
ZIR031,6,Zircon,USGS,ASD,M3t,400-2500,,v1.0,1.0,True
ZIR032,6,Zircon,RELAB,UNKNOWN,mazi01,400-2500,,v1.0,1.0,True
ZIR033,6,Zircon,RELAB,UNKNOWN,mazi02,400-2500,,v1.0,1.0,True
